0,9848,10116,9814,10016,9912,10070,9959,9668,10093,10075,9996,10018,9771,9892,9904,9974,10064,9782,10013,9953,9903,10060,9920,9863,10103,9949,9904,10157,9956,9978,9955,10101,9870,9874,10019,9801,9973,10241,9932,10017,10188,9978,9845,9824,9889,10162,9941,10127,10159,9932,10051,10013,10021,10096,9885,10196,9953,10086,9918,10003,10061,9949,10225,9956,9848,9995,9896,10149,9934,10048,10028,10053,9967,9993,10011,10059,10204,10212,9858,9907,9947,9982,9883,9981,9977,9940,10066,9986,9945,9963,9972,10167,10012,10002,10114,10195,9945,9948,10004,9945,9914,9941,10036,9975,10041,10035,10016,10165,10027,10006,10051,9907,10177,9909,9845,10130,10156,10024,10028,9962,10071,10110,9970,9924,10117,9873,10023,9877,10124
9893,0,9942,9931,9869,9974,9966,10299,9892,9980,10048,10063,9920,10018,10224,9925,9976,9966,9888,9833,10170,9943,9924,10123,10133,9883,10082,10003,10050,10061,9730,10156,9852,9922,10061,9862,9783,9924,10028,9972,9934,9993,9945,10006,10149,9825,9951,10100,9868,10015,9923,9930,10033,10045,10257,10063,9955,10127,10014,10018,10089,10090,9904,9859,9955,10004,10040,10080,9944,9832,10096,10112,9993,10064,10050,10007,9898,10241,10048,10030,9893,9933,10007,9953,10074,10131,9983,9892,9914,10073,10085,10022,10098,10071,10002,10142,9892,9972,9965,10125,9907,9978,9949,9914,10159,9905,9895,9999,9883,10148,10159,10090,9908,10150,10089,10017,10073,9933,10100,9950,9893,9871,10089,9936,10049,10032,10135,10082,9997,10050
10080,9887,0,9899,9717,9917,10092,9998,10168,9946,9972,10041,9920,10082,10143,9867,9987,10230,10108,10037,10123,10009,9999,10068,10040,10054,10162,9864,10077,9937,10033,9961,10102,10164,10044,10045,9878,9937,10078,10028,9975,10100,10042,10060,10005,9992,10025,9914,10046,10015,9978,9861,10132,10159,10130,10020,10084,10052,9962,10133,9889,9902,10018,9928,10031,9871,10038,9996,9978,9963,10002,9803,10186,9928,9888,9928,10065,10051,10003,9945,9939,10026,9948,10161,10107,9877,10024,9920,9945,9953,10041,10097,9908,10138,9884,10029,9971,9990,9963,9940,9923,9949,9876,9872,10066,10135,10070,9926,9911,10050,9934,10160,10237,10007,9937,10066,10024,9868,10166,9976,9832,10103,10114,9987,9952,10008,9910,9954,10029,9857
9901,9904,9918,0,10172,10231,9878,9904,10003,9945,10120,9915,10132,10148,9835,9959,9962,10102,9838,9834,9822,9837,10180,10000,9977,10078,9911,10106,9991,9916,10010,9984,9975,10137,10301,9995,9932,10141,10084,9984,10004,10005,10015,9893,10006,10043,10049,9959,9942,9962,9969,10124,10108,10029,10005,9810,10150,9920,9958,9987,10040,10076,10072,10136,9930,9967,10045,9998,9973,9977,9849,9968,9906,10084,10076,9890,10117,9956,10003,9930,10166,10003,9950,9853,9930,9958,9856,10157,10010,9871,9903,9943,10139,9868,9980,10014,9934,9844,10081,9950,10200,9935,10041,9983,10072,9908,10101,9934,9880,10017,10060,10038,10212,10107,9731,10094,9996,9806,9972,9978,9991,9964,9853,10035,9895,10211,10250,10056,9991,10058
10035,10063,10032,9992,0,10049,9811,10084,9967,10001,9901,9940,9966,10014,10021,10109,9989,10059,9992,10029,10031,9969,9977,10007,10188,10089,10090,9957,9905,9972,10171,10097,9958,9830,9963,9965,9863,9888,9984,10053,10026,9955,10095,9935,10263,9912,10075,9825,9974,9916,9942,10111,10140,9910,10050,10068,9901,10019,9944,9983,9929,9814,10150,9918,9848,10157,9991,10075,10111,10012,9862,10089,9921,10151,10031,9902,9977,10138,9933,10005,9984,10098,9926,9968,10008,9858,9988,10157,9983,9831,10006,9967,10042,9873,10075,10025,9963,9928,9905,9954,9924,9950,9905,9941,10205,10230,10168,9914,9947,9838,10076,10097,10118,9967,9763,10054,10002,10153,10079,9973,9982,10019,10124,9915,10024,9981,9933,9759,10034,10013
9990,10053,9875,10105,9972,0,10068,9995,9835,9994,10169,10079,10000,10037,10043,10016,9976,9998,9985,10032,10053,9948,10132,9836,9873,9815,10152,9902,10008,10029,9996,10091,9843,9886,9849,10090,10029,10017,10065,9951,9962,10053,9902,9950,10092,9956,9798,10047,9998,9958,10018,10106,9944,9924,9934,10032,10018,10057,9943,9949,9871,10207,10098,10024,9807,9998,10023,10035,9919,10080,9987,9935,10064,10010,9907,9966,9983,10169,10059,10201,9994,9987,10009,10053,10021,10067,9998,9919,9939,10020,9993,9909,10051,9849,10082,9784,10065,9955,9971,10100,9826,10046,9949,9933,9993,10083,9962,10017,9994,10144,10111,9984,9975,10049,10006,9967,9814,10144,10057,9977,10011,9967,10103,10188,10108,10095,9913,9929,10075,9835
10104,9882,9940,10217,9784,10046,0,9885,9992,10009,10101,9915,9905,10099,9985,9972,9928,10088,9856,9970,10061,9881,10065,9986,10175,10143,9770,10102,9894,9966,10010,10038,9819,10064,9932,10148,9868,9973,10028,10135,9969,10147,10087,10099,9968,10190,10069,10026,9982,9944,9881,10085,10038,9961,9894,10125,10000,9911,10043,9998,9929,9974,9897,9916,10035,9840,10085,9897,9811,10019,10009,9820,10047,10025,9926,10133,9988,9916,9976,10094,10295,10100,10088,10051,9904,10126,9983,9947,10109,9990,10052,10017,10105,9865,10006,10010,10102,9958,10155,10056,9883,10106,9930,9843,10060,9955,10017,10013,10083,9947,9910,10068,10116,10029,10027,10137,9874,9816,10005,9987,10161,10027,9964,10004,10019,9952,10011,10021,9906,9933
9885,9782,9948,10010,10102,10011,10126,0,10132,9833,9920,9913,10101,9850,10015,10084,10128,10153,9926,10092,9814,9866,9964,10008,9990,10069,10010,10014,9986,9937,10240,9910,10009,9984,9924,9826,9963,9902,10075,10095,9958,10093,10086,10111,10140,10070,10017,10085,9874,9962,9968,10067,9932,10106,9849,9785,9982,10065,10029,9918,9935,10139,10075,10056,10059,10086,10147,10022,10119,10203,10047,10054,10116,10100,10078,10210,10176,9975,10148,10015,9995,10011,9977,9881,9911,9972,10110,9986,10019,10054,10069,9828,9897,10182,10144,9972,10214,10012,10050,9815,9885,9980,9849,9912,9905,9996,9977,9931,9857,10019,9986,10079,9940,10062,9936,9818,10070,10107,9951,10007,9961,10001,9807,10040,9976,9994,10035,9922,10078,9948
10046,9878,10020,10049,10017,10031,10113,10027,0,9791,10053,10069,10176,10005,9819,9723,9930,9822,10071,10094,9983,10005,9988,9869,10000,9911,9957,9915,9988,9895,10080,9951,10090,10092,10036,10112,9685,10150,9875,9917,9976,10092,10042,9911,10056,10086,9828,9963,10034,9977,10030,9983,10060,9857,9798,10277,10110,10133,9936,9951,10076,10145,10054,10127,10090,10069,9969,10174,10018,10171,9841,9983,10107,10000,9918,9927,10041,9973,9989,9837,10061,10007,9995,10151,9929,10040,9972,9921,10116,10091,9914,9803,9934,9918,9847,10139,10109,10059,9886,9837,10049,10234,10041,9899,10185,10112,10081,9997,9930,9873,9945,9993,10014,9747,9984,10086,9990,10053,9976,10014,9921,10028,9968,9981,10089,9878,10039,10114,10042,9874
10113,10034,9885,9716,10149,10031,9780,10092,10115,0,9914,9898,9921,9932,9962,10068,10294,10067,10070,10125,10012,9979,10002,9993,10151,9946,9892,9976,9891,9961,9779,10194,10053,10102,10244,10163,9998,9710,10029,10034,9807,10029,9827,9911,9906,10031,10059,10050,9992,10014,10315,9994,10165,10112,9792,9976,9923,9970,9965,9957,10005,9791,9900,9980,9933,9915,10092,10065,10006,10013,10166,10020,10031,9983,9775,9958,9981,10019,9869,9947,10132,10007,10004,9885,10108,9946,10145,9924,10097,10109,10015,9968,10063,10163,9927,10044,9995,9931,10034,9925,10028,10043,10028,9962,10032,10063,10172,10024,9952,10026,9959,10007,9954,10137,9895,9833,9863,9889,9817,9798,10077,9922,10025,10125,9986,9905,9933,10055,9907,9838
10056,9963,10024,9957,10016,9940,10120,10032,10132,9940,0,10001,10166,9776,9868,10153,10120,9896,9971,10086,10011,10135,10133,9934,10035,10128,9884,10076,10046,10090,9896,10249,10073,10002,10068,10027,10163,9815,9931,10029,9968,10192,9910,10030,10070,10186,10028,9997,9937,9954,9851,9902,9993,9940,10046,9900,9842,10158,9956,10004,9985,10046,10078,9955,10205,10181,10007,10070,10029,10133,9940,10053,10058,10046,10143,9945,9994,9970,9867,9961,10024,10007,9986,9961,9941,9940,9988,10090,9915,9993,9816,10024,10139,9990,9985,9970,10087,10033,10226,9951,10179,9958,9922,9965,10010,10116,10212,9914,9971,9849,10028,9995,9966,10064,10049,9856,9973,9946,10094,10061,9939,9950,10008,9960,10061,10137,9958,10065,10010,9994
9811,9852,10026,9997,10111,10029,10002,9901,10004,10107,10167,0,10033,10161,9986,9982,9981,9981,9987,10070,9967,10083,9991,10022,9924,10091,9933,9905,10025,9914,9994,9804,10000,9899,10004,10011,9987,10186,10154,9922,10096,9772,10063,9986,10152,9999,10063,10012,10141,10015,10029,10064,9967,9871,10016,9837,10110,10124,9931,9964,10034,10035,10103,9843,10161,10071,10030,10061,9957,10043,10028,10012,9934,10133,9920,10244,10172,10066,10044,9861,10087,9817,9796,10032,10083,9937,9993,10046,9958,10118,10147,10180,10134,9949,10169,9945,9926,9948,10192,10070,9995,9941,9846,9939,9877,9822,10059,9986,9991,10141,9912,10007,9905,10030,9844,10011,10104,9926,10131,10105,10016,9980,10094,10193,9963,9951,10018,10070,9950,9985
9820,9793,9947,9789,10234,9901,10157,10012,10043,10063,9916,10100,0,9922,10184,10128,9898,10066,10128,9848,10097,9896,10065,9961,10098,10011,10100,9989,9917,10145,9765,9996,9985,10013,9767,10146,10164,10222,10047,10057,9895,10104,9977,9927,9825,10093,9872,10025,10086,10112,10092,9960,9997,10159,10128,10092,10068,9960,10000,10051,10213,9907,10160,9987,9912,9910,10006,10107,10099,9942,9848,10104,9953,9888,9948,9880,10014,9964,9958,10021,10143,10213,9979,10030,10025,10131,9959,9828,10093,10068,9911,10060,10013,10123,9799,10080,9786,9939,9980,9939,9958,9811,10047,9886,10227,10010,9998,10073,10094,10145,10044,10009,9872,10084,9873,10040,10164,9810,10063,9957,9971,9946,9944,9819,9980,10044,9955,10064,9955,9881
10236,10186,10052,10042,9826,10201,10042,9912,9929,9861,9925,10031,9984,0,10029,10013,10076,9896,9924,10049,9912,9875,9874,10108,10052,10078,10134,9835,9956,9868,10013,10213,9850,9891,10088,9990,10088,9805,10010,9931,9976,9919,10081,9960,10066,10062,9847,10136,10045,10074,9997,9920,10033,9880,9961,9995,10018,10100,10253,9774,9995,9976,10155,9906,9992,9897,10111,10025,9968,9906,10005,9909,10042,9924,10100,9862,9887,10050,10022,9925,9877,10075,10017,9827,9794,9820,9924,9955,9965,9964,10120,9986,9932,9991,10201,10052,9942,9951,9919,9861,10217,9987,10070,9948,10001,10007,10072,9725,9824,10084,10090,10018,9956,10002,9938,9818,9888,9953,10167,9894,9975,10076,10218,10018,10068,10033,9860,10138,9975,9836
9942,10038,10122,9894,10002,9879,9983,10036,10170,9877,9940,9899,9967,9987,0,10148,10010,10124,9960,10047,9928,10142,10121,10097,10096,9923,9949,9930,9914,10020,9924,9943,10123,10017,10035,9927,9959,9780,9943,10052,10062,10153,10187,10258,9974,10070,10011,9965,9925,9941,9995,9966,9958,10064,10073,10104,9926,9834,10010,10201,9820,9989,10030,9994,10115,10013,10101,9961,9789,9881,9800,10303,10138,9982,10047,10091,9858,9904,10173,9970,10032,10123,10069,9966,10075,9873,9775,10089,9939,9833,9881,10199,9857,9874,9990,10099,10090,9866,10075,9974,10093,10131,10063,9877,10065,9755,10144,10028,10058,10132,10290,10070,10000,10109,9955,10018,9978,10109,9862,10043,9923,10021,9929,10004,9982,10058,10050,9945,10112,10107
9991,9957,9846,9973,9907,10104,10020,9839,10045,9932,9922,10015,9956,9827,10032,0,10031,10025,9925,10027,9946,10110,10061,10013,9932,9804,10059,10017,9822,10098,10081,10128,10039,10195,9987,9923,10021,9924,10045,9916,9914,9959,9937,10084,10114,10060,9963,9984,10012,10098,9999,9937,10257,10008,9968,10062,10240,10032,9923,10095,10105,10087,10070,9981,10033,9946,9987,9761,9993,9941,9947,9982,9897,9965,9991,10188,10088,10191,10000,9981,9933,10003,10178,9906,9999,9949,10206,10116,10144,10063,10010,10060,9976,9960,10130,9927,10096,10002,10256,9982,10067,9954,10077,9911,9866,10011,10180,10043,9991,10105,9894,10140,9922,10048,9879,9883,10038,9765,9919,9947,10015,9829,9965,10050,10139,9998,9879,9826,10291,9916
9923,9957,10003,10047,10109,10093,10039,10066,10027,9925,10029,9980,9948,10073,9943,9940,0,10019,9864,10095,9987,9932,10004,10005,9995,10104,9979,10061,9970,9857,9878,10080,10111,9897,9986,10105,10051,9944,10085,9889,9898,9953,9801,9960,9931,9849,9872,10111,10002,9898,9971,10026,9936,9781,9920,10102,9996,9936,10033,10034,9966,10023,10006,9810,10059,10152,10072,9929,10195,10057,10109,10095,10089,10026,10014,9995,9922,10038,10029,9850,10164,9973,10125,9856,10021,10067,9937,10085,9862,10056,10071,9970,10001,9918,10066,9944,10151,10221,9823,9979,10085,9850,9921,9789,9814,10091,9795,10040,9958,9797,9996,9846,9899,9906,9925,9949,9928,9952,10047,9961,10297,9988,10055,10038,9977,10134,9812,9888,10018,9878
9974,10170,10040,10033,9964,9963,10127,10039,10112,9907,10104,9925,9933,9941,10155,9949,9951,0,9990,10061,9987,9936,10065,10107,10035,10071,9871,9937,9987,9847,10013,9721,10161,9922,9973,9866,9875,10091,10027,10113,10116,9902,9891,9965,9964,10026,10014,10003,9860,9999,10041,9933,9901,9895,9877,9889,9955,9958,10041,10009,9854,10155,9991,10253,10107,9844,10065,9945,9878,9899,10002,10164,10105,9919,10011,10078,10118,10029,10042,10020,9986,10140,9899,9944,9948,9895,10030,10001,10004,9932,9960,10060,9977,9886,10040,9961,10108,9891,9993,9844,9954,9894,10033,9954,10220,10008,10029,10060,10015,9796,9974,10012,9965,10002,9976,10262,10025,9916,10047,10004,10107,10096,10174,10098,9836,9886,10074,9924,9977,9981
9945,10033,10125,10011,9946,9850,9871,10016,10032,10050,10048,9875,10021,9964,9910,10075,10020,9883,0,9986,10156,10139,10237,9966,9964,10084,10199,10019,9959,9838,9995,9967,9898,10015,10039,9774,10009,9967,9817,9936,9825,9896,10113,10129,9892,10131,9942,9950,9962,9845,9899,9948,10115,9925,9816,10037,10055,9965,10098,9957,10055,10203,10028,9981,10018,9910,9815,10102,9884,9881,10068,10054,9995,9813,9938,9903,9708,10025,10040,10114,9898,9995,9924,10212,10034,9904,9728,10042,10079,10046,9987,10146,10024,10062,9949,10088,10067,9897,10071,9969,9746,9892,10051,10063,10091,9996,10041,9984,10080,9831,9958,10197,9969,10023,10116,10038,9976,10027,9966,10110,10120,9925,9924,10120,10060,9923,9993,10046,10027,10058
9968,9925,9940,10150,10251,10156,10080,10113,9958,10177,10077,9822,10119,10134,9937,10012,10161,10056,9992,0,10046,10097,10152,9825,9918,10076,9949,10007,9977,10045,9971,9963,9972,9926,9925,9773,9938,9824,9994,9950,10008,9778,9801,9947,10067,9823,10065,10024,10139,10063,10069,10093,9849,10216,9926,10095,10098,10071,10050,9933,9997,10156,9906,9953,9997,10117,9992,10217,10043,9940,10125,9913,9855,10126,9980,10176,9880,9948,9775,10004,9916,10013,9914,9999,10073,9872,10000,9864,9981,10107,10048,9933,9961,10013,9870,9796,10081,10133,9904,9958,9957,9995,10094,9854,9951,9972,9880,10017,10003,9855,10094,9889,9926,10097,9844,9914,9973,9896,9988,10038,9888,9957,10025,9953,10175,9788,10067,9949,10050,10011
9957,10098,10031,10000,9979,9901,9953,9990,10041,10030,9939,10033,9843,9980,9833,10107,9907,10043,10016,10026,0,10069,9774,9892,9927,10084,10111,9907,9952,9942,10077,10182,10090,10048,10006,10022,10027,9960,9840,10120,9880,9892,10002,9952,9938,10127,10045,9914,9885,10107,9981,9915,9989,9954,10145,10070,9979,9948,9976,9896,10101,10218,9836,10092,10016,10035,9951,9935,10117,10139,10166,9975,10075,10188,9991,10021,10066,10101,10086,9886,10030,10007,9922,10004,9784,10193,9756,10012,9888,10076,9853,10130,10099,9915,9860,9861,10090,9916,9943,9918,9884,9827,9927,9821,10081,10009,10041,9962,10082,10108,9920,9922,10169,10041,9947,9923,10134,10142,10045,9891,10006,9826,10173,9920,9962,9977,9859,10033,10077,9808
9938,10176,10140,9885,10126,10014,9937,10141,10058,10077,9863,10065,10122,10196,10179,9955,10119,10009,10096,9963,10079,0,9899,10054,9883,9947,10040,10029,10011,10027,10063,10073,10025,9943,10021,9965,10158,9854,9860,10030,9941,9827,10053,9808,10016,10046,10126,9909,10011,9989,9940,9866,9827,10020,10050,10030,9989,9932,10057,10032,9872,10070,9906,10026,10061,9963,9937,10028,9934,10006,10196,9954,9806,9860,10044,10153,10148,9925,10002,9976,9922,9996,9957,10055,10074,9996,10186,10157,10026,10120,10015,9932,9992,9948,10049,10047,10026,10044,9911,10083,10051,10171,10127,10017,10063,9977,9946,10067,9784,10083,10018,10041,9992,9985,9941,9872,9911,9940,10035,9895,9999,10063,10026,9968,9906,9904,9980,10019,10136,9987
10124,9895,9813,10117,10028,9928,10028,10052,10043,9955,9923,10051,9983,10122,9954,10001,10109,9933,9903,10024,10158,9927,0,9837,10034,10219,10171,10214,9900,10019,10127,9948,10027,9882,10068,9922,9987,10032,10030,10087,9968,9952,10140,10134,9968,9939,9920,10156,10084,10112,9960,9882,10083,9948,10137,10097,9981,9758,9872,10317,9914,9991,10036,10007,10073,9979,9981,10088,10003,9943,10018,9910,10072,10220,9872,9825,9974,9962,10104,9992,9859,10017,9909,9991,10087,9754,9926,10025,9817,9966,10053,9827,9921,10125,9912,10045,10112,9843,9882,10081,10092,10024,9825,10125,10109,10169,10083,10008,9803,10014,9779,10155,9833,9891,9996,9851,9994,10101,10037,10123,9879,10079,10064,9859,10035,9903,10179,9917,9790,10116
9897,10038,9979,10014,9814,9937,10030,10097,10000,10029,9872,10185,10080,9961,10121,10060,9938,10116,10109,10002,10034,10015,10103,0,9824,10168,9955,10110,9999,10040,10007,10054,9914,9998,9866,9891,10268,9939,9955,9930,10042,10017,9878,9907,9863,9921,10049,10061,9964,10174,9931,10128,10011,10095,9929,10092,10148,9895,9985,10072,9869,10025,9937,9908,9961,10114,10042,9884,10042,9953,10206,9922,9862,9982,9981,9975,9968,9948,10025,10029,9926,9914,9907,9989,10143,9893,9969,9842,10199,10028,10062,9862,10012,9989,10071,9933,9998,10126,9826,10097,9959,9960,9891,9811,10042,10202,10017,10021,10160,9992,9856,10008,9967,9982,10106,10049,10056,9941,10063,10017,9917,9975,9962,9975,10054,9947,9926,9975,9862,10172
10111,9983,10071,9894,10027,9899,10102,10030,9965,9856,9884,10016,9793,9785,10026,9893,9941,9920,9930,10077,10017,10005,10123,9921,0,10037,10195,10102,9929,9926,9785,9941,9989,9816,9892,9931,10000,9923,10102,10038,9979,9928,10098,9914,10088,9879,9997,9958,9945,10174,9903,9942,9900,9919,9985,10047,10130,9935,9829,10021,9831,9908,10206,10139,9844,10106,9939,9936,9988,9940,9906,9858,9826,10015,10027,10049,10019,10107,9978,10071,9813,9979,10126,10053,9998,10022,9755,9916,10008,9958,9988,9909,9963,9933,10071,9941,10038,10114,9954,9829,10145,10137,9999,10100,10068,9947,9943,10116,10063,10017,9911,9977,9852,9958,9924,9745,10012,9921,9941,10073,10098,10002,9922,10086,10112,9837,9975,9924,10022,10049
10032,10186,9973,9933,9760,10027,10023,9931,9956,9884,9926,9986,9997,10109,10104,9917,9936,10014,10024,9868,10028,9999,9996,10107,9967,0,10123,10207,9974,9910,10093,9865,9949,9857,10029,10107,9924,9992,10031,10066,10152,9980,10178,10034,10098,9889,9892,10124,10017,9957,9971,9955,10069,9986,9973,10140,9926,9850,9993,9923,9997,10112,10140,10099,9834,10012,9880,10016,9992,9900,10086,9956,10115,10124,9922,9959,9974,9807,10070,10085,9956,10070,9936,9975,10060,10046,10011,9848,9863,10097,9967,10027,10021,9777,10182,10023,10059,9937,9905,10052,9895,10004,9960,9940,9891,9953,10005,10069,10137,9849,10142,9921,9904,10074,10092,10007,10110,10268,10039,9853,9910,10029,9995,10057,10043,9892,9910,9924,10130,10005
9871,9933,10045,10120,9926,10054,10059,10005,10019,10055,9982,10036,9839,10138,9978,10005,10032,10053,9951,10130,9914,10162,10170,9845,9987,10199,0,10021,10088,9911,9963,10107,9953,9822,9864,9914,9990,10056,10071,10137,10040,10007,10034,10056,10024,10058,9822,9942,9845,10069,10127,9873,10095,10032,9963,9856,9851,9563,9970,9960,10036,10030,9914,9930,9827,9967,10003,9963,10038,10209,9987,10025,10028,10118,10015,9967,10075,10067,9903,9895,10089,10105,9913,10041,9915,9934,9957,9961,10195,10008,9900,9947,9963,10071,9838,10062,10017,9990,10246,9916,9936,10060,9880,10031,10084,10123,10091,10137,9976,10178,9960,10068,9956,9949,9954,10095,10000,10081,9996,10119,10177,10208,9993,10044,10201,10077,9875,9960,9900,9969
9974,10114,9973,10046,10020,10201,9952,10021,10053,10116,10037,9791,9910,10003,10106,10019,9961,9809,9975,10121,10027,10025,10019,10036,10090,9942,10119,0,9980,9908,10052,9868,9985,10011,10031,9941,10055,9870,10206,9974,9990,9944,9986,10123,10001,10068,9946,9999,9876,9911,9953,9993,9959,10021,9852,10067,10023,9966,9903,10053,9909,10066,10207,10136,9967,10032,9990,9882,9861,10150,9877,10091,9804,10013,9992,10059,10141,10155,10229,9974,10039,9994,10016,9884,10035,9996,10107,10174,10051,10068,10010,9986,9946,9836,9975,9975,10093,10018,10035,9926,9980,9919,10116,10216,10266,10003,10156,10065,10048,10039,10103,10111,9794,9846,9970,9951,10183,10076,10126,10105,10061,9868,10153,9850,10092,10143,9874,10099,9874,10066
9984,10043,10005,9994,10036,9998,9932,9991,10064,9973,10007,9958,9920,10074,9974,9917,10090,10076,9997,9878,9888,9859,9946,10113,9953,10161,9948,10042,0,10066,9926,9985,10099,10087,10072,9998,9950,10011,10000,9954,9976,9977,10060,9925,9793,10069,9814,9927,9997,10010,9946,10164,9824,10089,10144,10076,10046,10190,10148,10089,9900,9944,10003,10085,9959,9788,10161,9875,10076,10143,9925,9900,10009,10058,10028,9945,9980,9995,10127,10008,10099,10081,10021,9993,10153,9914,9877,9969,9902,10138,10050,9967,10123,10044,9889,9988,10034,10043,9918,10064,10072,10069,9921,10090,10090,10008,9982,9882,9671,9956,10027,9938,9847,10120,10033,9861,9835,10059,9982,9979,10080,9923,9966,10203,9883,9999,9858,9951,10106,10012
9921,9984,9937,9895,9940,10043,10141,9878,9871,9976,9990,9975,9715,9881,10003,10319,10128,9792,9909,10019,10033,9774,9788,9982,10038,9872,9949,10021,9951,0,9868,10074,9884,10107,9766,10063,10124,9841,10089,9822,10015,10025,10021,10088,10085,10017,9933,9787,10062,9955,9945,10113,9957,10050,10015,9849,9940,10120,9828,10073,9829,10132,10028,10049,9941,9902,10089,10088,9855,9838,10138,9906,10174,9987,9987,10182,10002,10071,10007,10058,9926,9946,9995,9946,9999,10126,9828,10051,9976,9982,10110,9905,9743,9736,10219,10070,9825,10004,10042,9975,10146,10035,10086,9997,9965,9974,10018,9964,9992,9925,9949,10017,10017,9881,10061,9951,10017,9990,9839,10007,9849,9980,9952,10085,10033,9966,9991,10171,9880,10043
9919,10127,9980,10178,9803,9801,9950,10006,9973,10035,9974,9797,10098,9883,9989,10082,10174,9963,10081,10238,10113,10074,9998,10014,9688,10084,10016,10179,9913,10001,0,10082,9936,10038,9822,10022,10023,10121,10060,10153,10099,9919,9979,9979,9926,10100,10077,9982,9967,10130,9975,10093,10087,9944,9921,10019,10047,10156,9947,10088,10126,10034,9955,10098,9925,10105,10070,9906,10023,9896,10027,9946,10032,10017,10051,9944,9941,10145,9808,9796,10064,9927,10231,9917,9890,9751,10006,10004,9897,9835,9866,10211,9879,10120,9981,10050,10018,9894,10000,9997,10076,9852,10065,10070,10072,10082,9905,9753,9980,10040,10133,9954,10039,10144,10074,9999,9864,9930,10045,9810,10195,10031,10064,10104,10048,9830,10091,10102,10048,9902
10110,9771,10015,9968,10012,9964,10037,10111,9951,9947,9973,9838,9941,9983,9937,10008,9921,9998,9985,10195,9868,10048,10104,10129,10119,10163,9894,10039,10153,10093,9955,0,9913,10013,9908,9957,9883,10011,10021,10077,9864,9807,9901,10030,10080,9918,9998,9947,10124,10109,9935,10247,9885,10041,9858,10193,10009,9973,9935,9899,10067,10114,10176,9929,10014,9988,10201,9931,10173,10158,9940,10142,9843,9961,10090,9983,10033,10092,9983,10147,9992,10057,10124,9981,10048,10019,9911,9780,9851,10073,9954,10005,10020,10131,10063,9905,10098,10001,9863,10024,9868,9906,9867,10012,10067,9828,10012,9867,10124,10033,10076,10014,10126,9988,9995,9759,10200,9995,9955,9859,9994,10126,10224,10017,10234,10098,10079,10000,10064,10079
10139,9915,10114,9787,10129,10065,10095,9936,9943,10091,10074,10009,9974,9982,9970,10056,9874,10088,10032,10129,9838,9957,9925,9893,10036,9955,10023,10126,9847,9797,10045,9825,0,10070,9842,9975,10077,10051,10020,10019,10089,9991,9993,10085,9954,10038,10061,9939,10092,10029,10011,10001,10060,10150,9970,9999,9978,9984,10036,10030,9931,10093,9932,9943,10162,9746,10136,9888,9913,10086,10076,9971,10032,9923,10178,10057,10192,10042,10080,9940,10005,9919,10036,9955,10000,9968,9806,10132,10053,10034,10062,9973,10032,9818,9850,9999,10010,9797,10060,9852,9909,10241,10039,10093,9796,9864,10129,9983,10091,9717,9966,10109,9825,9984,10051,9956,9934,9955,9851,9900,9942,9844,9960,9963,10044,9935,9912,9857,9958,9928
10009,9924,9975,10203,10007,9950,9972,10010,9838,10009,9904,10103,10118,10090,9910,9986,9862,9983,9898,10102,10058,9949,9934,10077,9917,9846,10025,10052,10053,10042,9944,10033,10004,0,9984,10036,10180,9997,9769,9974,9994,9928,9963,9841,9986,9941,9971,9884,9914,9969,9957,9921,9937,10064,9999,10096,10021,9991,9907,10167,9839,10131,10161,10222,9938,10028,9921,9982,10147,10037,9913,9995,10127,9942,10094,10104,9941,9888,9953,9992,9867,9993,9839,9891,10202,9926,9893,10059,10083,10048,10084,10058,9895,10118,9972,9942,10145,9958,10031,9998,9923,10145,10010,9952,10111,10114,10086,10272,9889,9977,9975,10085,9967,9866,10117,10195,9976,10058,9885,9889,10004,9854,9993,9939,9962,9895,10099,9883,10031,9922
9929,10123,10142,10145,10079,10111,10016,10024,10037,10127,10073,9991,10010,10305,10003,9861,9926,9909,10028,10111,9876,9947,9938,10187,10131,9982,10018,9870,10006,9985,9870,10043,10105,9993,0,9981,9900,10118,10107,10063,9891,10006,10058,10079,10014,9902,9957,10224,9877,10005,9939,10123,9827,9985,9974,9957,10042,9889,9867,10119,10003,9944,9976,9877,10014,9881,9906,10004,10071,10004,10037,10044,9965,9985,10041,10240,10170,10140,9947,9970,9916,9823,9895,10107,10108,10061,10025,9878,9876,10002,10081,9923,10076,9820,10059,9806,9991,10035,9982,9913,10125,9800,9755,10081,10144,10089,9981,9944,10086,9874,9876,10128,9928,10067,9944,10120,9988,9921,10093,10048,10001,10026,9966,10076,10030,10082,10013,9864,10206,10139
9871,10010,10055,10236,9949,10167,9939,9848,9891,9903,9967,10017,10015,9976,9939,10116,9822,10130,9976,9952,10107,9905,10104,9844,9985,9836,10055,10144,9971,10040,9920,9937,10003,10103,9949,0,9865,9921,10109,10137,10081,10044,9799,10033,9841,10011,10059,9751,9985,10015,10008,9858,9995,10077,9942,9804,9901,10148,10187,9839,10119,10087,9964,10141,10022,10189,9953,10109,10074,10147,9974,9864,10133,9934,10000,9989,10067,9943,9960,10024,10020,9937,9995,9965,10036,10058,10023,10049,9912,9873,9989,10018,9796,9891,10132,10141,9947,10050,10111,10051,10036,10032,10202,10005,9959,9927,9991,10125,10037,10019,9943,9988,9970,9963,9979,10089,10067,9691,10012,9910,10083,9974,9942,9939,9904,9937,9914,10073,9922,10068
9930,9903,10035,9962,9886,10094,10039,9893,9919,9953,9807,10046,9840,10166,10049,10164,10039,9905,10012,9935,10066,10193,10141,10061,10182,9914,10019,9990,10032,10085,9902,9947,9895,9990,10031,9921,0,10041,9811,10134,9972,9961,10084,10001,9977,10049,9929,10100,10146,9985,10157,10019,10065,10067,9947,9780,9993,10071,10117,10050,9822,10145,10005,9936,10094,10125,9933,9965,10012,9768,10109,9985,10079,10151,10236,9888,10013,9970,10114,10053,10105,9913,9988,10064,10108,10115,9901,9911,10000,10100,9927,9961,10048,9886,10163,9959,9934,9921,9992,10057,9988,10145,9939,10100,9965,9990,9903,10011,10179,10105,9669,9981,9870,9869,10072,9833,9824,10067,10009,9949,10070,10088,10092,9939,10051,10007,10127,9981,9889,9965
9995,10105,10065,9905,10092,9925,10005,9944,9985,9852,10020,9972,10038,10068,10007,9958,9959,10012,10188,9881,9909,9991,10246,10199,10015,9907,9988,9934,9928,10041,9843,9938,9982,9870,10095,9938,10169,0,10142,10093,9843,9956,9964,10152,9968,9982,9937,9852,10031,10006,10053,9968,10023,9710,10120,9877,9904,9904,10115,9791,10081,10043,9916,10045,9952,10149,10000,9979,9983,10152,9892,9885,10053,9928,9867,9981,10040,9973,9934,10068,9905,9912,10108,9972,10040,10084,9829,9923,9867,10008,9970,9715,10079,9995,9736,9894,9919,9815,9978,10039,9986,9972,10104,9904,9973,10003,9839,9940,9967,9909,10011,10100,9944,10022,10011,10118,10064,9896,9939,10034,10136,9938,9944,10007,10050,9910,9854,10164,9894,10017
9922,10047,10003,9992,9964,10083,10033,10143,10002,9967,9976,10017,10082,9932,9859,9915,10083,9874,10001,10093,10124,10082,9945,9902,9941,9879,9928,9935,10095,10008,10042,10004,9839,9892,10112,9952,10041,10054,0,10008,9933,10188,9991,9768,9922,10084,10064,9927,9962,10024,9902,10053,10028,10084,10007,10066,10005,10056,9841,10238,10001,10122,9974,9921,9857,9941,10120,10110,9901,9910,10108,9934,10087,10109,9909,9962,9905,9858,10033,9924,9786,10142,9862,9980,9918,10076,10045,10058,9936,10182,10004,9811,9897,9970,9890,10104,10276,9936,9934,10000,9940,9966,10009,10053,10188,9904,10118,10156,10111,10038,10076,10051,10008,9995,10073,9969,9818,9978,9974,9911,9927,9999,9914,10140,10028,10045,9997,9878,10034,10042
10120,10081,9932,9929,10155,10000,10031,9950,10086,10010,10091,10044,9932,9823,9976,10048,9951,9977,10208,9885,9939,10047,10112,10024,10003,10170,10072,9999,9996,9997,10021,10015,10052,9906,9844,10116,10061,10084,9988,0,9931,10008,10225,10055,10197,9943,10118,9991,9878,10082,10062,9962,10194,10146,9837,10083,9967,9992,9864,10050,10112,9915,10047,10208,10027,10069,9985,10016,10169,9965,10126,9902,9971,9692,9989,10002,10130,9986,9776,10097,9959,9751,10048,10051,9917,10032,10239,9938,10157,10046,9999,10084,9954,9921,9828,9957,9987,10044,9997,10138,9961,10034,9990,10009,9984,9962,9969,9749,10119,9875,10006,9990,10158,10267,9867,9904,10154,10009,10001,9896,10077,10063,10225,9904,9976,9871,10046,9953,9978,10265
10107,10173,10096,10014,10178,9886,9975,9963,9903,10127,9873,10014,9974,10003,9955,9796,10026,10212,10119,9966,9836,9927,9862,9983,9948,9924,9954,10128,9927,9949,9944,9926,9975,10017,10093,9942,9933,10112,10003,10020,0,9936,10082,9988,9900,9775,10114,10083,9820,9922,10040,10104,9980,9956,9930,9920,9932,9964,9903,10101,10141,10176,9924,10010,9975,9898,10095,9951,10045,9967,10135,9923,10138,10037,9983,10185,10012,10079,10033,9948,10034,9946,9947,9921,10113,10166,9902,10119,9967,10004,10018,10009,10134,10166,9991,10068,9939,10012,10029,10008,10139,9953,10078,10174,9992,10126,9968,9776,10038,10182,10006,10148,9974,9879,10004,9963,10221,9839,9959,9822,9932,10035,9924,10015,9779,9979,10021,9905,10051,10057
9853,10043,9994,10130,9978,10006,10079,10036,10083,10087,9854,10135,9872,9969,9831,9970,10022,10104,9975,10055,9975,9959,9917,9922,9945,9938,10085,10010,10025,9949,10007,9850,9903,10213,10089,9983,9928,9996,10019,10237,9992,0,9877,10080,10022,9929,10109,10104,10132,9824,9894,9955,9888,9850,9874,9908,10114,10007,9993,9979,9833,10227,9941,9952,9847,9866,9972,10087,9942,9846,10146,10004,9966,9928,9999,10025,9980,10182,9661,10075,9992,10076,10156,9863,9966,10000,9892,9974,10016,10034,9755,9944,9885,10060,10021,10048,10137,9928,10160,9816,10235,9892,9916,9966,9952,9985,10195,10273,9913,10209,9998,10168,10057,10117,9870,10091,9789,9986,9821,10230,10027,10104,9963,10081,9976,10200,10120,9840,10106,10169
10234,10113,10095,9946,9983,10128,9841,10028,10040,9917,9946,10231,10171,9975,9951,9969,9916,9915,9991,9925,10030,9898,9998,10030,10021,9980,9995,9994,10012,10102,9954,10019,9999,10134,10209,9974,9893,10018,9972,10087,10042,9945,0,9998,9897,9965,9904,10124,9945,9913,10111,10013,9988,10100,9891,10001,9988,9959,9748,9873,10052,10075,9968,10082,9988,10053,9956,9956,10013,9977,9963,9897,9854,9954,9843,9950,10027,10125,10125,10052,9835,10036,9995,9938,9971,10024,10037,9969,9976,10059,10159,10026,9915,10078,9886,9921,9899,10136,10010,10085,10114,9815,10149,10005,9870,10084,9945,10085,10024,10206,10104,10167,10031,10238,10032,10001,10033,9947,10268,9999,9993,10167,9974,10135,9928,10071,9959,10019,10002,10276
10176,9916,9830,9915,9855,10064,9907,9909,10022,9855,9970,10124,9959,10064,9846,9988,9905,10037,10037,9931,10073,9983,10186,9925,9922,9767,9921,10090,10039,9788,10086,9979,9894,9970,9993,9932,10029,9980,10035,10076,9959,10000,10050,0,10114,9960,9976,10046,9954,10018,9847,9975,9930,9931,10037,10051,9986,10062,9864,9915,9956,10017,9960,10133,9992,10048,9954,9947,10141,9914,10169,9954,9971,10011,10017,10076,9879,10105,10030,9886,10038,9955,10014,9965,10002,9941,9743,9919,10024,9967,9893,9928,9958,10061,9986,10038,9992,9949,9819,10059,10076,10141,9824,10072,10033,9829,9933,9927,10014,10032,10044,9866,9887,9781,9973,10195,9992,9807,10131,10010,9877,10077,9936,10136,9987,9988,10094,9963,10056,10090
9976,9948,9911,9929,9962,10000,9713,9979,9885,10020,10167,10076,9911,9879,10012,10010,10109,10099,10011,10070,10194,9984,10165,9917,9821,10146,9956,9995,10078,10209,10126,9898,9880,9939,9900,9992,9981,9844,9920,10047,10183,10126,9847,10046,0,9925,10163,10054,10064,9993,9988,9988,10106,10101,10053,10036,9894,9990,10150,10030,9939,9999,9849,9911,10034,9936,10054,10100,9909,9678,10038,10088,10015,9976,9790,9991,9712,10075,10073,10002,10034,10085,10051,9938,9935,9947,9873,9762,9998,10063,9795,9917,10110,10066,10095,9894,10033,10070,10113,9989,9893,9940,9858,9911,10287,9895,9977,10012,10196,9997,9885,9965,10062,10064,10179,10011,9991,9983,9989,9993,10059,9919,9991,10149,9947,10077,9851,10040,9814,10150
10095,10015,9983,10008,9938,9967,9977,9857,10101,10051,9726,9947,9982,9837,10157,9850,9857,10098,9771,9933,9925,9824,10044,9989,9877,10263,9828,10136,9819,10017,10093,10047,10014,9898,9866,10149,9978,10013,9928,9987,10003,9894,10048,10015,9945,0,9954,9949,10090,10086,10159,10021,10145,9954,10005,9931,9996,10050,9938,10171,10017,9952,10092,10006,10045,9927,9934,10059,9984,9880,9937,9940,10097,10101,9994,10003,10028,9802,9843,10052,9878,10102,9908,9969,9987,10057,10016,9954,10074,10172,10296,9922,10010,10068,10086,9955,10122,9992,9962,10141,10160,9938,9846,9862,10101,10032,9857,9979,9867,10078,9967,9990,9974,9984,9873,9760,10020,9943,10109,9855,9936,10232,9890,9975,9851,9871,9991,9856,10168,9939
10135,9907,10029,10111,9853,9832,10108,9977,10066,9998,9981,9929,10000,10082,9967,9944,9963,9840,10041,9907,10029,10009,10135,9909,10053,10019,9920,9961,10063,9939,10077,9999,9943,10085,10045,9975,10010,9950,9998,9977,10095,9888,10154,9916,10106,9988,0,9947,9948,9922,10024,10002,9848,10039,9979,9980,10116,9988,9830,10001,10035,10025,9911,9998,10063,9883,9883,10066,9992,10125,9956,9929,9872,9918,9940,10096,10117,9989,10199,9933,9911,10025,10108,9776,10147,9964,10046,10122,9931,10085,9847,10058,10087,9969,9830,9979,9968,10000,9804,9961,10073,10107,10071,10108,10154,9810,9720,9894,9862,10031,10022,10067,10013,9959,10119,9968,10094,10091,10049,10001,9967,9890,9995,9848,10003,10100,10129,10073,10030,9956
10082,10129,9891,10060,10019,9885,10006,10001,10190,9908,10071,9892,9972,10103,9975,9944,10075,10073,10007,9907,10147,9952,10102,9848,9940,9903,10044,9970,10033,10006,9831,9903,10093,10079,10053,10130,9864,9951,9778,10005,10085,10013,10201,10080,9873,10063,9982,0,10028,10198,9995,9930,9980,10040,9945,10155,9838,10125,9846,10135,9997,10051,9879,9887,10050,9765,9844,10115,9938,10065,10154,10016,9829,9999,10099,9853,9945,9994,9932,10010,9943,9951,9978,10064,10073,9930,10061,9876,9968,9923,10064,9931,10070,9897,9711,10121,9926,10129,10121,10006,9836,10022,10071,9941,9970,9962,9900,10046,10031,9983,10015,9988,10046,9796,9831,9895,9911,9872,10015,10038,10000,10032,9898,10124,10033,9750,9992,9947,10069,10074
10048,9970,9948,10064,9942,10080,10005,10004,10021,10202,10076,10007,10021,10078,9911,10162,10012,10085,10161,10052,10109,9996,10030,10161,9778,9953,9957,9950,10187,9851,9949,9935,10146,9954,10075,9939,9828,10007,10037,9965,9805,10058,9805,10011,9881,10001,9930,10136,0,9932,9962,10005,10002,10120,9916,9958,9770,9867,9802,9843,9885,9702,9977,9960,9952,9957,9928,9946,10169,10137,9948,10066,10033,10197,9898,10040,10023,9857,9898,10058,9956,9818,10068,9899,10029,10006,10129,9892,10088,10095,9888,9997,10037,10096,10022,10105,9925,9961,9943,9976,9844,9935,10049,10050,9943,10124,9984,10023,9884,10040,10097,9969,10058,10156,10073,9804,9935,10005,9908,9878,10082,10054,10159,9844,9931,10107,9933,9995,10004,9894
10161,10111,9964,10112,10023,10079,10037,9938,9983,10221,9980,10016,10021,10038,9910,9932,10190,9957,9954,9947,9952,9932,9992,10104,10136,10038,10101,10177,9910,9946,10073,9718,9970,9973,10057,9957,10013,10078,10064,10117,9888,9938,9954,10072,9897,10157,10022,9929,9948,0,9974,9890,9901,10156,10044,10165,10222,9926,9996,10154,10060,9907,9955,10066,9778,9895,10010,9988,9834,9953,10034,9983,9977,9929,9993,10059,9835,9958,9892,10119,10053,10044,9962,10095,10005,10067,10230,10050,9904,9831,10065,10041,9903,10058,10086,9978,9881,10081,9905,9835,9830,10046,9997,9963,9941,9899,10138,9979,9972,9919,9938,10072,10067,9928,10097,9849,9953,9902,10020,10091,10090,9883,9881,9883,10173,10105,9906,9913,10082,10078
10109,10005,10019,9842,10181,9964,10016,9982,10134,9937,9933,10043,9961,10113,9816,10156,10068,10001,9881,9932,10046,9943,10126,9854,9912,10028,10078,9922,9978,10017,10100,10229,9948,10045,9886,10150,10154,10090,9965,9920,9992,9960,9965,10186,9956,9986,10014,10123,9928,10053,0,9862,10082,10087,10019,10161,10165,10165,10095,9885,10100,10062,10053,10056,9953,10120,10038,10267,10009,10042,10016,9880,10039,9984,10112,10152,9902,9972,10111,9969,10026,9956,10005,9989,9772,9783,9956,9960,10005,9863,9867,10114,9986,10071,10066,9829,10167,9743,9816,10016,9929,10104,9930,9971,9989,9921,9996,10058,9907,9938,9885,9843,10082,9910,9968,10060,10132,10032,9842,10135,10049,10079,9971,10011,9952,10012,9936,10021,9913,9882
10060,9951,10064,10079,9969,10133,10037,10002,9995,10014,10002,10076,9986,9949,10159,9922,9798,9914,9894,9860,9999,9965,9999,10014,9936,9956,9980,9889,9978,10124,10072,9837,10036,9898,9800,10068,10121,9943,9855,9975,10113,10053,10154,9973,9968,9978,10042,9913,10060,9893,10019,0,10041,9930,9927,10161,9959,9924,10039,9983,10056,9875,10087,9972,10100,10054,10040,9963,10095,9893,9905,10040,9841,9927,9873,9874,9955,10053,10052,9931,9976,10006,9789,9828,9940,10241,10016,9904,10055,9972,9834,9997,9996,10029,10036,9934,10192,10016,10164,10018,10084,10058,9931,9893,10145,10032,9851,10050,10008,9954,10081,9929,9864,9950,9956,10109,9918,9969,9798,10048,9947,9891,9821,10012,9829,10210,9883,9890,10141,9990
10004,10036,9994,10049,10077,10099,10048,10009,10035,9858,9999,10107,9796,9952,9896,10109,9998,9907,9999,9828,9842,10143,9861,9973,9896,10026,10188,10302,10062,10075,9997,9992,9890,9941,10072,10009,9872,9942,9947,10155,10113,10000,9999,9871,9988,9996,10041,9868,9947,10071,9964,10090,0,9965,9792,9918,9823,9975,9959,10160,9918,9971,10066,9900,9935,10107,9991,10065,10118,9841,9893,9967,9948,9891,9902,10084,10217,10033,10025,10039,10053,10101,9935,10155,9836,9941,10010,9818,9996,10015,10071,10053,9985,10209,10056,10080,10003,9923,9795,10027,10011,10120,10022,10110,9965,9858,9915,9818,9858,9958,10093,9960,10115,10022,10047,9970,9919,10043,10079,10161,9872,10015,9939,9967,10038,9946,9987,10050,9923,9930
9930,10140,10127,10251,10027,9776,10030,9904,9927,9818,10130,10015,10031,9995,10113,9987,9936,10211,9921,9948,9900,10066,10078,10085,10085,10095,9924,10088,9919,10067,9990,9998,10189,9962,9974,10049,10125,10042,10055,10051,9981,10098,9900,10031,9991,9869,10116,10160,9886,9978,9803,9884,9893,0,9937,9991,9855,10123,10103,9946,10075,10061,10032,9940,9952,9835,9982,9974,10069,9861,10092,9922,9959,9935,10083,10026,10127,9976,10071,9913,10201,10032,10051,10206,10063,9942,10119,9885,10164,10086,10113,10042,9885,10020,10079,9988,10205,10135,10017,10008,10061,10095,9964,10019,10089,10059,9930,10191,9925,10051,10114,10057,10029,10134,10258,10093,10045,9930,9992,10052,9927,9964,9841,10086,9834,9920,10016,10118,9877,9936
10059,9979,10004,10040,9944,10201,10048,9879,9930,10047,10098,10046,10020,9854,10005,10113,10142,9983,10038,9939,9840,9858,9994,10085,10218,9968,9933,9899,9999,10172,9995,10046,10052,10125,9942,9948,9898,9918,9832,9878,10144,9969,10004,10029,10101,10196,10149,10092,10011,10042,10058,10056,9982,9976,0,9986,9969,10089,10067,9966,9970,10048,10068,10097,9942,10095,9938,10017,10064,10316,10015,9899,10082,10038,9857,10054,10047,10144,9831,9891,10091,9852,9877,9810,9980,9872,10004,10064,9971,9947,9934,10029,10045,9988,10079,10037,10003,10039,9921,10133,9954,9886,9888,10099,10071,9777,9892,9941,10141,9863,10166,9947,9893,9983,10005,9919,10194,10075,10072,10004,9918,10007,9944,10029,10008,10045,10044,9863,9758,10002
10022,9924,9992,9770,9985,10054,10173,10023,10053,9933,9950,10044,10087,10124,10210,10122,10061,9872,9960,10108,10022,10161,10013,9893,9976,9979,9977,9993,10046,9906,10147,10147,10105,10018,9881,9921,10117,9881,10073,9966,10017,9951,9906,9973,10039,10087,10103,9986,10062,10022,10224,9949,10296,10052,9949,0,10082,9980,10089,9952,10009,10167,9998,9858,10022,10080,10039,10157,9967,9833,9982,9989,9959,10144,9864,10056,10018,10027,9985,9933,10002,9911,10244,9878,9952,9909,10034,9920,9965,9901,9900,10050,9937,9968,10003,10116,9796,10098,9986,10160,9869,10023,9883,9929,10000,9988,10003,9901,9992,10006,9898,9950,9982,9938,9987,9941,10088,10013,10098,9807,10135,9934,9931,9967,10109,9948,10075,9959,10061,9933
9985,9908,9940,10061,10004,9899,9982,10033,10075,9916,9936,10020,10021,10304,10045,10058,9975,9883,10008,9984,10012,10198,10043,10075,10099,10035,10048,10063,9960,10285,10068,10145,9766,9999,9912,10114,10015,9891,10094,10014,9903,10028,10020,10045,9943,9945,9995,9984,10047,10053,10211,9856,10041,10059,9747,9883,0,10114,10186,9948,10025,9812,10055,10084,9859,10097,9992,9884,10152,9973,9927,9889,9897,10109,10094,9808,10104,9992,9981,9978,10063,10049,9996,10016,10048,9897,9927,9984,9847,9992,10100,9968,9919,9897,9946,9940,10096,10052,10022,9913,9937,10062,9934,9855,10146,9980,9880,10155,9965,10187,10054,9891,9904,9934,9996,9962,10006,10070,9941,9844,10006,10096,9905,10042,9994,9960,9986,9993,9906,10014
9977,9914,10078,10060,9886,10154,9896,10072,9857,9863,10038,10200,9880,9927,9883,9956,9975,9860,9971,9836,10073,10233,9813,10044,9898,9962,9906,10088,10206,9988,10047,9943,9827,10138,10063,9919,10243,9979,10040,10065,10084,9900,10044,9778,10124,10078,9980,10233,10056,10028,10090,10077,10123,9983,10067,10058,10142,0,9807,9878,10016,9911,10071,9881,9839,10040,10008,10166,9913,9884,10087,10046,9940,9957,9943,10002,9979,9941,9817,9969,9901,10018,9923,9986,10067,10082,9928,9835,10012,9720,9915,9979,10035,10109,9990,9879,10078,10017,9993,9956,10047,9991,10052,10090,9933,10153,9777,9980,9897,10116,9872,9991,9923,10044,10110,10017,9788,9897,10027,9950,9830,9981,9842,10057,9928,9915,10036,10137,9964,10194
9986,9994,10119,9879,10105,10042,9830,9908,10115,10039,9974,10031,9902,9948,9918,10014,9915,9902,10017,10072,10012,10032,10146,9955,10025,9934,10232,10046,9977,10030,9944,10050,10015,9940,9904,10190,9982,10143,9975,10089,10188,10149,10026,10084,9993,10174,10007,10139,10050,9966,10009,10066,9899,9968,9967,9788,9947,10147,0,10104,10015,10092,10027,10023,10039,9828,10024,10147,9807,9819,9858,10070,9900,10069,10019,9888,9905,10104,10006,10076,10083,10019,9910,9903,9855,9861,9993,9979,10107,9856,9927,10023,9996,10087,10017,10090,9922,9950,9982,9897,10123,9957,9875,10039,9937,9896,9923,10014,10109,9951,9926,10037,10078,10047,10037,9865,10002,10059,10045,9972,9917,9995,10073,9926,10078,10148,9764,9754,9993,10069
10037,10004,10234,9888,9963,10075,10125,10011,10058,10115,10001,9979,9860,10038,10051,10001,10196,10089,10078,9950,9938,9890,10125,9962,10339,10175,9858,10021,9980,9836,10093,9934,9751,10047,10025,10084,10021,10105,9913,9939,9995,9954,9944,10007,9922,9818,9956,9965,9965,9926,9949,9919,10060,10044,10076,10017,9930,10075,10139,0,9988,10111,10053,9980,10202,10070,10013,10170,9948,9811,10070,9925,10035,9927,10061,10175,10043,10035,9827,10034,10051,9875,10103,9960,9978,10053,10057,9992,9836,10069,10097,10096,10046,9961,9755,10016,9867,10089,10042,9988,10142,9994,9911,9907,9965,10073,10180,9949,10085,10050,10149,10060,9886,9927,9832,9937,10057,10011,9997,9931,9945,9942,10136,9997,9822,10091,9851,9938,10080,10070
9972,10083,10021,10067,9929,10108,10040,10008,9982,9993,10023,10206,9946,10052,9991,10019,9952,10051,9799,10122,10178,9849,9925,9825,10017,9929,10020,9996,10035,9916,9858,10005,10143,10030,10074,10123,10034,9985,9875,9922,10020,9951,9985,9954,10038,10093,9886,10018,9917,10101,9888,9850,9942,9840,10013,10018,9914,9973,10091,10104,0,10013,10032,10096,10048,10015,9918,9885,10063,10021,10066,9988,9845,9833,10127,9807,9996,10106,9970,9906,9971,9871,10016,9895,10075,10078,9987,9941,10182,10142,9915,9863,9898,10046,9954,10022,10059,9702,10131,9937,9867,10008,9909,9865,10247,9786,9856,10029,9807,10093,9895,9915,9907,10128,9904,9951,10054,10240,9898,10088,9940,10115,10048,10301,10109,10030,9974,10160,9959,9923
10193,9769,10060,10002,9875,10052,9914,10129,9971,10014,10015,10059,10143,9920,9935,9898,10069,10008,9877,9952,9986,10096,9853,10002,10060,9933,10176,10136,9864,10109,10133,10054,9871,9918,9934,10051,9888,10067,10042,10163,9917,10038,9946,10125,9875,10007,10070,9922,10133,10116,10000,9854,9939,9902,10030,10058,9920,10007,10171,10085,9829,0,10022,9874,10108,10099,9934,9993,9941,10002,9850,10218,9942,9824,9824,9861,10080,9856,10102,10046,10062,10035,10045,9954,10021,9960,10019,9963,10025,10076,10016,10116,9808,9962,9961,9962,9913,10002,10055,10079,10177,9920,10148,10001,10052,9885,9974,10168,10175,10154,10067,10180,10161,10004,9974,9893,10001,10051,9920,9921,9881,10067,9957,9968,10004,10034,9932,10033,9983,9963
10025,9898,9978,9948,10063,9757,9919,10072,9969,10066,10020,9963,10017,10116,9831,10077,10116,9964,10196,9966,9998,10008,10018,10097,10012,10062,9919,9890,10063,9826,9873,9986,9977,9841,9899,10041,10016,10029,9981,10001,10075,10023,9863,10187,9857,10023,9873,10046,9937,10036,10084,9878,9936,9992,10010,10003,10132,9670,10010,9857,10174,10074,0,10114,9956,10152,9872,9977,10116,9985,9912,10005,9863,10165,9989,9879,10127,10064,9980,10050,9967,9943,9929,10030,9937,9966,10052,10080,9972,10073,10082,10019,9912,9827,10012,9835,10017,9891,10206,10032,9895,10059,10068,10152,10051,9989,9905,9769,9958,9993,9937,9991,10036,10095,10056,9906,9903,10095,10175,9899,9957,9954,9876,9929,9849,10025,10026,10023,10041,10080
10008,10016,9919,10149,10057,9939,9947,9959,9889,9996,9949,9946,10075,10011,9940,10007,10046,10090,9939,10073,9957,10054,10048,10020,9989,9898,9939,10019,9879,10078,9982,9982,9990,10029,9819,9993,10059,9719,10014,9995,9901,10099,10232,9894,9752,9978,9993,9974,9925,9922,10112,10003,9972,9907,10051,9963,10048,9941,9939,10010,10103,9989,10112,0,9959,10012,9979,9978,10039,9971,9997,10006,9932,10030,10018,10071,9882,9942,9893,10048,10052,10046,9934,9959,10022,9884,10009,9997,9981,10092,10064,10156,9710,10032,9963,9980,9853,10023,10153,10024,9984,9974,9957,10120,10102,10060,9964,9970,9814,10024,9888,10099,9708,9827,10096,10155,9781,9790,9893,10050,9990,9908,10158,9848,9885,9844,10072,9972,10118,10033
9896,10021,10204,9995,9959,9979,10096,10256,10121,10060,10063,10168,9962,10097,10072,10006,10080,9920,9878,9945,9944,10055,9924,10042,10101,9970,9930,9986,9992,9881,9923,10037,9990,10170,9955,10113,9963,10234,10034,10128,9961,10060,9928,9954,9930,10086,10008,10052,9930,10013,10179,10097,10005,10053,9947,10000,9920,10118,9973,9832,9892,10154,9989,9913,0,9998,10089,10007,10118,9979,10211,10081,10101,9928,10069,9868,10142,10104,10081,10047,10095,10105,9898,10234,9941,10014,9953,9875,10035,9951,10116,9878,10056,9975,10080,9996,9968,9982,9957,9946,10039,10085,10252,10151,9913,10127,10095,10161,9902,10039,9932,10118,10014,9934,9975,10015,9899,9995,10016,9940,9916,9983,9966,10127,9908,9971,10144,9972,9735,10118
10173,9857,9953,9859,10189,9966,10028,9890,10076,10059,10073,10112,9993,9947,9993,9950,9959,9984,10134,9939,10047,9950,10308,9981,9915,10104,9999,10077,9979,10058,10146,10034,9809,9997,10121,10136,10031,10081,9855,9953,9941,10087,9915,10165,9868,9972,9860,10050,10031,9991,9923,9919,9963,9901,9946,10104,10132,10181,9900,10181,10178,10024,9920,10043,9960,0,9976,9936,9966,9997,10064,9927,10191,10025,10092,10132,10072,10037,9934,9757,9807,9932,10138,9984,9946,9957,9968,9975,9913,10086,9952,10034,9966,9993,9891,10090,10131,10008,9985,9957,9911,9990,10055,10040,9963,9943,10072,10044,9992,9971,10057,10138,9866,9979,9889,9990,9905,10003,9952,10003,9933,9967,9832,10060,10133,10077,9979,9912,9976,10114
9988,10158,9920,10089,9856,10031,10041,10031,10011,10144,9978,9967,9885,9931,9861,9906,9958,10142,9952,9922,9960,9908,10004,9942,9894,9948,10008,9727,9857,9912,10071,10049,10085,9891,9998,9970,10071,9887,9949,9974,10159,9986,10172,10012,10075,10062,9982,9934,9987,10040,10096,9870,9851,10090,9878,10051,10108,10051,9907,9941,9863,9903,10063,9948,10131,9966,0,10169,10038,10097,9928,10063,10010,10125,10032,9944,10003,9926,9894,9990,10077,10019,10221,9920,9877,9967,9995,10104,9954,10090,10085,10146,10006,9844,9800,9950,10149,10155,9786,10054,9978,9788,9892,10024,9917,10009,10100,10075,10055,10055,9932,9986,10032,9861,10103,10083,10111,9942,10041,9966,9920,10005,10027,9858,9849,10083,10124,9972,10017,10021
9880,10095,10080,10015,10034,10133,10293,9901,9807,10134,9988,9774,10004,10053,10037,9804,10106,10157,10129,10091,9969,9846,9990,9959,9922,10121,10106,10020,9983,10056,10026,10249,10098,10071,9830,9918,10110,9855,10071,10091,10181,10071,9991,9906,10036,10028,10311,10017,9996,10036,10284,9912,9975,9853,10085,9909,9954,10017,10109,9972,9900,10149,9986,10064,9854,9852,10057,0,10041,10041,10006,9982,10080,9798,9755,9896,9988,9938,10136,9926,10114,10023,10017,10163,10098,9951,10082,10084,10115,10020,9953,9950,10124,9925,9924,10049,9858,10080,9955,9946,10007,10101,10012,9735,10026,9954,10002,10085,10126,9922,10047,9906,10021,10090,9943,9980,9810,10044,9913,9931,10035,10176,10066,9857,10038,9991,10128,10073,10044,10026
9819,9923,9784,9869,9978,9940,10013,9958,9974,10171,9977,10036,9817,10026,9916,10112,9906,9970,9988,10138,10025,10173,9806,9965,9953,10021,10033,10026,10066,9847,9863,9871,9981,9966,10077,9889,9909,9872,10030,10064,10088,10054,10106,9874,10134,9918,9887,9994,9994,10336,9993,10107,10016,9791,10078,9924,10004,9963,10281,9974,10030,9999,9811,10029,10137,10043,9924,10097,0,10052,9947,10240,10025,10042,9977,9715,10129,9992,10083,9991,9901,10005,10030,10126,10028,9978,10004,9942,10022,9979,10014,9845,9917,10065,10017,10010,10005,10151,10066,9970,10082,9887,9859,10107,9884,9978,9907,10018,10011,9922,9978,9971,9891,9962,9860,10068,9852,9930,10108,10028,9950,10157,10141,9865,10142,9893,10055,9970,9973,9870
9876,10182,9958,10095,9969,10099,9832,10148,9902,9864,10069,10094,9984,9892,10052,9952,9889,9902,10102,9839,9950,9991,9978,10019,9977,10100,9879,9890,9889,9806,10008,9896,9956,9932,10021,10015,10019,10035,10006,10074,9924,9906,9851,10079,9980,9696,9783,9952,9749,10070,9788,10112,9803,10032,9987,10067,10012,10146,9891,9751,9828,10040,9917,9928,9958,9891,9894,10137,9887,0,10078,9864,10050,9933,10065,9911,10097,9965,10008,9814,9989,10051,9979,9905,10022,9957,9916,9852,9983,9889,10033,10200,9983,10079,9952,10003,10188,10002,10060,9935,9972,10085,9936,10115,10146,9854,10164,10007,10047,9891,9861,10173,9934,9937,9888,9879,10256,10200,9974,9925,9995,9897,9934,9939,9865,9919,9944,9936,9963,10020
10248,10052,10035,9992,10175,10102,9977,10162,10204,9968,9922,9961,10029,10119,10044,9930,10017,9950,10095,9958,9980,10104,9997,9972,9970,10111,10128,10083,10182,10029,9972,10113,9933,9927,9946,10069,10018,9919,10020,9893,9974,10066,10011,10110,10069,9988,9994,10092,10021,9984,9985,9922,9919,10005,9973,9991,10052,10025,10076,10143,10211,9892,10001,10019,9906,9922,9918,10026,9999,9987,0,9945,10036,10114,10177,10191,9816,9992,10083,9934,10245,9976,9956,10064,10058,10093,9898,9921,10147,9944,9948,10109,9918,10066,9868,9964,10096,10213,10036,10019,9854,9920,10089,9956,10057,9845,9841,9965,9962,9798,10091,10073,10145,9891,10072,10097,10063,9949,9811,10045,9986,10027,9876,9983,9952,10000,9957,9991,9933,9971
9853,10050,10040,9836,10000,9920,10065,9979,9992,10092,9951,10055,9906,10015,9901,9984,10169,9759,9988,10052,9908,10090,9905,10052,10122,9814,9980,10158,9976,9979,9963,10004,9999,9941,10024,9836,10002,10196,9982,9850,9900,9817,9910,9970,10054,10133,9998,10196,9698,10064,10058,10029,10128,9982,9929,10086,9999,9821,10003,10050,9997,10090,9935,10124,10055,9954,9973,10109,9934,10020,10051,0,10102,9903,9974,9932,9993,9915,9936,10046,10180,10229,10089,9825,9909,10037,9743,9842,9819,10066,10113,10054,9890,10162,9985,10035,9985,10105,9958,9846,10161,9840,10009,9867,9941,10016,10147,10076,10078,9911,10057,9864,10089,10072,10010,9804,9872,10147,9975,10052,10079,10088,10097,10014,10126,10102,9965,9875,9976,10000
10092,9986,10202,9904,9928,9917,10138,10161,10041,10062,10024,9968,10016,10152,9977,9996,10016,10059,10070,9886,10013,10075,10026,9885,9863,9925,9954,10176,10253,10080,9845,10095,10018,10123,9843,9995,10125,9904,9976,10051,10067,9962,9860,9791,9848,9948,9760,10186,10078,10016,9884,10027,9997,9730,10082,10058,10160,10011,10067,9840,10023,10028,9931,10150,9944,9929,9907,9959,9967,10128,9806,10008,0,10157,10057,9967,9997,10114,10102,9967,9912,9742,9933,10131,9932,9980,10053,10096,9928,9897,9992,9988,10248,10068,10083,10022,9893,10047,9942,9838,10125,10067,10008,10150,9803,10058,9946,9844,10039,9939,10055,10118,9884,10003,9883,9984,9983,10104,10094,9950,10036,10113,9910,9947,10052,10061,9985,10019,10010,9927
9867,9980,10004,9967,10011,9909,10011,9862,10056,10119,9905,9946,10144,9743,9989,10072,10032,10000,10067,9999,9993,10022,10117,9944,9940,9957,9947,9975,9912,9853,10106,9853,9808,9940,9871,10101,9935,9957,10124,9884,9942,9952,10201,10084,9892,9959,10107,9997,9911,9746,9903,9931,9967,9950,10052,9884,9931,9975,9901,9930,10174,9974,10129,9854,9946,9965,9884,9912,9998,10196,9962,10094,9935,0,9973,9883,9883,9988,10107,10038,9978,10177,10051,10022,9970,9898,10043,9919,10064,9915,10074,10087,10054,9945,9990,9936,10229,9936,9975,9980,9972,9977,10099,10021,10000,9895,10049,9962,10054,10090,10165,9988,10072,10119,10072,10136,9890,9817,9758,10073,9926,10124,10235,9896,9943,10029,9977,10060,9983,9956
9988,10040,10052,10057,9842,9934,9910,10117,10134,10011,9912,10014,10030,9929,9967,10119,10229,9954,10077,10104,10174,10037,10076,10000,9974,9932,10034,10076,9927,10150,9942,9948,10000,9809,10006,9759,9836,10042,10157,10025,9995,9901,10009,10074,10076,10117,9876,10165,10120,9946,10129,10013,9912,10005,10086,10034,10014,10084,9911,10043,10037,9897,9737,10092,9909,9970,10145,10097,10152,10038,9789,10020,10044,10102,0,9987,10151,9745,10177,9958,9980,9952,10034,9959,9935,9904,9850,10073,9954,9875,9983,9870,10004,10050,9977,9873,9919,10099,9955,10020,10015,9866,9955,9976,10018,9883,10070,10123,10008,9950,10019,10099,9872,9987,10170,9981,9972,9895,9901,9891,9837,9954,10093,9926,10009,9922,10003,9941,9891,10018
9976,9868,9989,9819,10145,10000,10241,10071,9901,10100,9861,10124,10183,9961,10286,10012,10054,9875,10170,9856,9955,9950,9924,9766,9934,9945,10043,9972,10183,10091,10013,10179,9968,9980,9898,10126,10019,10123,9902,9961,10072,9973,10028,10017,10084,10087,9835,10057,10109,9972,9929,10070,9966,9751,9966,10004,10025,10077,9910,10142,9996,9957,10066,9953,10029,10044,9870,10014,9976,9889,9924,10056,9957,9967,9864,0,9966,10087,10007,9934,9926,9904,10033,9957,10061,10049,9943,10075,9900,9973,9898,10184,10128,10028,10069,10078,9985,10071,10011,10036,10038,9951,9849,9980,10207,9850,10100,9782,9742,9860,9905,10211,10057,10073,9972,9913,10000,9845,10096,10062,10078,9888,10067,10109,10036,10082,10076,9982,9957,10003
9978,10040,10004,9961,10135,9859,9923,9926,9900,10038,10043,9969,9988,9978,9847,9930,10002,10134,9996,9951,10033,9922,9951,10076,9996,10012,9924,10069,9961,10013,10168,9968,9941,10056,10138,9996,10064,9964,9967,9926,9896,9936,10042,10073,9910,10081,10053,10033,9980,10006,10077,9946,10174,10130,10077,10113,9854,10100,10018,9852,10092,10106,10002,9730,10059,10101,9932,9962,9719,10030,9950,10022,9873,10079,9902,10011,0,10059,10021,9905,10045,10176,9890,10126,10058,10038,9986,10030,10004,10100,10004,10102,10069,9942,10084,9865,10066,10030,9938,9839,9954,9918,10132,10041,9799,10049,10110,10088,10140,9863,9999,9975,10138,10132,10023,9878,10105,10051,9908,9943,9877,9933,10071,10018,10024,10065,10067,9724,9970,9865
9991,10109,9852,10024,9988,10019,9910,9943,9964,9967,9999,9907,10301,9703,10041,9936,10097,10056,10157,9997,10010,10106,9854,10011,10097,10080,9980,10003,9906,10051,10064,10056,9852,10191,9990,10045,9917,9975,9927,10086,10045,9930,10037,9900,10146,10184,10044,10144,9795,9982,9915,9966,9989,9937,10042,10052,10029,9989,10071,10112,10043,9999,9823,9957,9964,9975,10099,10040,9947,10052,10024,10051,10040,10051,9909,9983,9894,0,9967,10039,10106,9970,10091,10102,9998,10055,10051,10040,10160,9961,9923,9993,9911,9833,9852,10085,10017,9987,10002,10002,10231,10006,9878,9981,9983,9967,9886,10049,9860,9992,9962,10104,10146,9946,9855,10161,9978,9922,10074,10036,9938,10078,10093,10054,9998,10020,9928,10048,9951,10056
10144,9806,9910,10044,9973,10100,10054,9792,10185,9949,10172,10025,9983,10008,10039,9927,9992,10029,9850,10019,10137,10116,10009,9988,10039,10029,9812,10028,9931,10025,9911,10009,10138,9948,10092,9755,9971,10079,9922,10003,9910,10111,9873,9933,10141,10000,9973,10012,10075,10035,9933,9946,9981,9982,9815,9951,10115,10029,9956,9937,10123,10151,9831,10045,9900,9917,10044,9918,9874,10017,9949,9972,9859,10024,9993,10069,9900,10086,0,10008,9803,10029,10057,9961,10042,9934,9962,9929,9934,9972,10087,10033,9900,10036,10118,10018,10203,9990,9967,9920,9919,9979,9900,9852,10014,9941,9978,9906,9890,9883,10037,9837,9959,9924,10105,10211,9895,9978,9917,9979,10004,9996,10026,9967,10040,10086,10103,10066,9922,9971
10122,10118,9996,10103,10084,10063,9962,10047,10094,10011,10091,10116,9857,9961,10183,10223,9971,10109,9979,10110,10006,9943,10025,10109,10050,10089,9833,10014,10100,9908,10090,9879,10121,10026,10022,10139,10057,9928,9829,9940,9972,10197,10022,10081,9952,10012,10129,9953,9925,9824,10046,9918,9997,9996,9961,10023,9770,10017,10048,10071,9818,9940,10000,9891,9998,10000,10158,9994,9974,9928,9935,10104,10048,10154,10024,10017,9885,10126,9966,0,9874,9994,9982,9921,10065,9869,9940,10017,10166,9906,9965,10080,10010,9965,9951,9843,10134,10028,10037,9930,9873,9941,9930,10081,10013,9910,10048,9931,9908,9963,10078,10039,9876,9964,9930,9925,10336,9889,9986,9989,9935,10235,9756,10037,10163,10072,9901,9943,10123,9929
10107,10045,9987,10122,10154,9910,10161,9864,9938,9965,10053,9931,9958,9988,9939,9950,10128,10189,9993,9993,10010,10127,10133,10054,10069,9957,9937,10171,10142,9958,9929,10131,10204,10087,10095,9995,9966,9861,9799,9974,9900,10025,10064,9922,10002,9889,9892,9796,10282,10114,9862,9843,9918,9799,10064,10034,9967,9967,9865,9957,9990,9939,10112,9917,10213,10018,10004,9958,10203,9984,10101,9888,10017,9886,9976,10226,9769,10071,9913,10107,0,10003,10061,10069,10072,10024,10064,10048,10079,10008,10041,9700,10073,10049,9773,10113,10043,10092,9997,10090,10042,9890,9938,10144,10001,9971,9795,9814,10117,9892,10111,10096,9972,9961,9892,9960,9912,9966,10131,10205,9983,9856,10130,9976,10108,9911,9960,9906,9914,10052
9821,9907,10052,10061,9792,9963,10144,9968,10143,9982,10188,9996,9938,9989,9968,9862,9946,9946,9925,9833,10066,10051,9957,9965,9973,10022,10055,10007,9972,9902,9969,10231,9990,9861,10061,9981,10195,10174,9962,9950,10006,9982,10009,10020,10045,10038,10076,9869,10086,9975,10116,9924,10148,10125,9890,9961,10128,10035,9910,10133,9971,9954,9757,10068,10034,10197,9936,10079,9951,9939,9868,9962,10043,10038,9891,10045,10084,9968,10066,10066,9865,0,9997,9946,9885,9990,10031,10076,9947,9952,9937,10028,9963,9965,10017,10081,10000,9956,10046,9940,10089,10036,9967,10039,9950,9792,10038,10113,10009,9859,10058,10197,10042,10104,10007,10026,9933,9950,9905,10148,10002,9991,9968,9904,10128,10053,9947,10006,9989,10133
9928,9872,10121,9958,10007,10106,10090,10034,10020,10038,9942,9857,10154,9866,10119,9944,9999,10007,10069,9893,9914,9993,10026,10127,9896,10102,10198,10058,9974,9973,10003,10093,10051,10043,10054,10057,10062,10072,10216,10105,9907,9975,10016,10068,9908,10077,10025,10059,9962,10099,9858,9954,9889,10077,10227,9880,9986,10000,10053,10103,10007,9995,10184,9970,9989,10182,10007,10043,9918,9951,9941,9957,9936,9944,9935,9983,10022,9984,9979,9723,9961,10014,0,9888,10160,9798,9965,9680,10032,9967,10143,10164,10093,9847,9930,10114,10011,10053,10174,9860,10034,10023,10008,10055,10080,10142,10168,10081,9864,9924,9927,9995,10002,9866,10000,9864,10121,10090,10050,9894,9957,9937,10060,10090,10018,10001,9917,10022,10072,9904
10065,10095,10171,9840,10017,10078,10066,9939,10115,10010,9947,9978,10063,10064,9981,9840,10082,9851,9819,10157,10134,9992,10024,9944,9788,10107,10045,10101,9825,9817,9920,10050,10181,9959,10020,10101,9925,9822,9961,9864,9984,9887,10243,9904,10008,9881,9985,10069,9869,9949,10007,10011,10097,9966,10024,10038,10041,9951,9858,10119,10015,10093,10025,9942,9897,10008,10039,9845,10108,9922,9873,10051,10081,10058,10021,9931,10035,9999,9882,10052,9910,9890,10047,0,10187,9875,9972,10070,10043,9881,9937,10129,9842,9921,9996,10056,10014,9929,9747,10026,10025,9923,10021,10044,10036,10024,9835,10107,9913,9918,10079,10094,9855,9889,10030,9983,9864,9814,9970,9963,10166,9988,9891,10144,10038,10071,9916,10099,9975,9918
10147,9944,9703,9966,10020,9929,9921,10010,9880,9926,9932,9968,10078,10021,10066,9924,9987,9942,10003,9884,10043,10046,9890,9984,9876,10093,9933,9949,10036,10008,10010,9916,10161,9961,9978,9844,10002,10195,10079,9996,10219,9823,9849,10071,9963,10035,10057,10074,9758,10053,10082,10053,10020,10073,9994,10153,10086,10138,10136,10012,9888,9985,10133,10027,10110,9978,10045,10046,10164,9897,10003,10012,9879,10094,9957,9924,10000,9999,9949,10006,10099,10052,9974,9925,0,10123,9937,9797,9933,9932,9905,10097,10082,9949,10002,9994,9940,10042,9877,9886,10311,9800,10166,10040,10025,9946,9982,9824,10057,9896,10001,10166,9923,10207,10031,10145,10117,10022,10006,9963,10112,9922,9849,9969,9924,9876,9894,9937,9971,10023
9906,9932,9974,9957,9948,9931,9910,10044,9950,9992,10019,9826,9786,10065,10039,9968,9946,9863,9998,10040,10024,10001,10038,10078,10025,10006,10061,10052,9923,9960,10026,9940,9890,10166,10045,9887,9993,9938,10192,10016,10103,10024,9977,10035,10141,10019,10141,9906,10153,10125,10044,10093,9990,9993,10040,10031,10003,10100,10062,9944,10036,9982,10120,9969,10010,9901,10226,10047,9891,10034,10006,9880,10161,10102,10033,10020,10117,9873,10056,10137,9917,9865,9721,10007,10022,0,10005,9975,9870,9931,10053,9943,9804,10049,10018,10045,10041,10045,10075,9932,10004,9975,10074,10019,9922,10055,10055,9945,10017,10174,10280,9970,9956,9985,9950,9992,10134,9996,10117,10117,10092,9989,9965,9932,10100,10121,10079,9971,9885,10172
9985,9928,10104,9890,9967,9954,10078,10112,10075,10000,10125,9875,9984,9677,9977,10044,9898,10067,9999,9986,9966,10044,9992,9922,9937,10001,10009,10093,10019,10002,10201,9924,9869,10119,9947,10012,9937,10062,10075,9902,10075,10000,10103,9960,10051,10192,10071,10157,10060,10032,9936,9710,9996,9861,10063,10037,9952,10132,9979,9977,10050,9913,10007,9990,10029,9959,9847,9974,9999,10019,9980,10243,10020,9982,10162,10028,9968,9999,10004,9935,9990,9967,9969,10069,10025,10000,0,10170,10063,9914,10138,9964,10092,10093,9852,9988,9913,10177,9946,9981,10209,9933,9883,10033,9994,10051,10005,9929,10243,9965,10052,9874,10240,9998,10176,10084,9922,9937,10063,9948,10042,9896,9966,9849,10231,10013,9937,10031,9988,10149
9913,9913,9996,9747,10002,10061,9935,10068,9925,9887,9972,9939,10132,9844,10094,9885,10146,9985,9934,9975,10000,9938,10049,9924,10058,9897,9879,10108,9953,9985,9963,10017,9859,9833,10146,9906,9834,10007,10042,10103,10107,10132,9968,10072,10083,9971,9999,10015,10198,10144,10098,9968,9853,10066,10092,9957,10091,9889,9840,10071,10011,9993,10058,10075,10023,10112,10067,10023,9970,9961,10065,9967,10019,9912,9946,9997,9951,9928,9925,10051,10176,10206,10093,10030,10126,10029,9874,0,10069,9984,10064,10170,9983,9915,9827,10156,9845,10129,10048,10042,10182,9990,10011,10052,9965,10046,10127,10038,9888,9959,10064,9971,10166,9892,9983,10012,9963,9947,9956,10050,9948,9968,9914,9887,9987,9813,9901,9967,10048,9942
10077,9913,9921,10070,10129,9934,9916,9948,9838,10074,9868,10065,10209,10024,10160,9940,10083,9965,9829,10065,9898,10019,10130,10052,10007,9830,10001,10096,10061,9919,9879,9929,10277,9989,9853,9838,9973,10029,9973,9935,10180,10155,9907,9972,9912,10064,9972,10098,9964,9939,9846,9907,10081,9974,9873,10080,10137,10087,9900,10234,9826,9999,9857,9904,10235,10010,9915,10010,9906,9892,9967,9976,9917,10124,9992,9946,9938,9946,9923,10123,10016,10094,10109,9858,9883,10056,9956,10097,0,9886,10161,9867,10000,10156,9997,10043,10124,10000,9762,10146,10029,9899,10200,10006,10094,9998,9934,10189,10023,10084,9958,9932,10084,10175,9987,9916,10043,10025,10137,9933,10005,10100,9999,10136,9946,10038,10056,9946,9824,9992
10272,10069,10058,10065,10103,10075,9935,10031,10002,9992,10058,10016,9790,10009,10080,9912,9976,9941,9869,10054,9928,10014,10059,9933,10063,10084,10033,9888,9990,10025,10059,10086,10047,10096,10028,10035,10099,9841,10091,10072,9960,9901,10069,9948,9928,10007,10060,10009,10044,9865,10123,10061,9850,9989,9892,10023,10214,10016,9879,9983,10009,9958,10067,9942,10043,9944,9936,9951,9942,10055,10023,9934,10017,10041,9864,10206,10017,10130,10029,10027,10086,10039,10004,10019,9855,9963,9834,9961,10008,0,10104,9872,9968,9929,10035,10009,10059,10129,10140,10007,10152,9852,9961,9990,9783,9950,10001,9996,9989,10053,10128,10202,10019,10108,9965,9963,9908,9846,9994,9833,10051,10053,9979,10025,9845,10061,10109,10087,9999,9955
9939,10108,10006,10213,10187,9822,10007,10018,9962,10115,10082,10050,10102,10025,10109,10089,10100,9891,9887,9934,10082,10063,10030,9942,9962,9917,10097,9868,9907,9936,10006,9816,10024,9884,9977,9877,10013,10075,9897,10025,10050,9970,10106,9950,10055,10035,10081,9999,10056,9990,10051,10227,10051,9898,9744,10013,9941,10081,10023,10127,9941,9967,10093,9954,9795,10051,10168,10011,9894,9971,9867,10018,10091,10049,10065,9897,9990,10126,10046,10127,10028,9989,9928,10098,9952,9871,9856,9875,10169,10057,0,10074,9857,10042,10077,10063,10021,9958,9914,9979,9832,9859,9945,10016,9851,9903,10245,10118,9901,9995,9959,9980,10072,10055,10265,10049,9949,9800,9931,10070,9807,10071,10023,10186,9984,9954,10070,9994,9931,9975
9910,10048,9945,9938,10219,10060,10154,10052,10074,9888,9898,9885,9835,9947,9852,9959,10148,10153,10101,9886,10001,9900,9983,10057,10015,9984,9784,9906,9908,10031,10176,10097,10072,10055,10118,10109,10056,9868,9977,9962,9883,9901,10022,10040,10111,9885,9919,10065,10066,9941,10023,10012,9980,10017,10040,9989,10047,9911,9923,10097,10114,10106,10047,9904,10233,9743,10013,9969,10008,9880,10028,9992,9898,9997,10032,10128,9856,10119,9961,9993,9944,9980,9970,9975,10126,9857,10045,9938,10158,10042,10003,0,9977,10043,9853,10055,9894,9932,10041,10164,10105,10062,9968,10167,9901,10029,9987,10035,9935,9928,10110,10011,10178,10037,10064,10031,9970,10039,9909,9984,9917,9952,10085,10133,9947,9800,9855,10041,10108,9810
10014,10140,9927,9982,9972,10239,10144,9982,10023,9863,10033,9967,9835,10052,9851,9910,10039,9904,10165,9845,9938,10067,9984,10027,9976,9953,10097,9968,9968,10075,9972,10026,10032,10130,10052,10074,10106,10020,9867,9997,9861,9969,9977,9872,10053,10039,9860,10115,10103,9854,10079,10159,10098,10048,9989,10087,9856,10083,10020,9991,10052,9977,10151,9962,9949,10025,9895,10039,9968,9801,10077,9829,10009,9980,9910,9916,9972,9909,10145,10233,9918,10047,10188,9929,9982,9857,9868,10169,10148,9934,10028,9995,0,9918,9980,9994,9907,9993,10109,9876,9924,9888,10001,9978,9968,10049,9870,10053,10006,10166,10057,9974,9946,10061,10148,9918,9899,9995,9961,9908,9972,10131,9788,10106,9858,9871,9989,10049,10121,10029
10114,9967,9831,9897,9750,10069,10052,9785,10118,9999,9889,10037,9928,9939,9848,9895,9925,9947,9954,9991,10064,9895,9840,10029,10091,10024,10072,9964,10077,10076,10077,9838,9976,10052,9964,10075,10078,9934,10001,10151,10077,10118,10078,9939,10146,9973,9863,10107,9890,9914,10081,10041,10064,10070,10086,9742,10150,10051,10104,10196,9979,10015,10078,9801,9999,10118,10032,10094,10042,9974,9983,10139,9994,10033,9842,10104,9983,10044,10039,10026,10068,9967,9912,9874,9812,9954,10027,9978,9922,9983,9808,9876,9826,0,10222,9795,10038,9843,10029,9847,9869,9881,10118,9886,9924,9713,9989,10084,9910,9975,10019,10208,9974,10005,10125,9988,10038,10020,9973,10169,10052,9987,9978,9979,10112,9855,10084,9880,10221,9821
9907,10130,10008,10172,9995,9990,10093,9978,9982,10036,9893,9895,10076,10073,9965,9768,10078,9918,9910,9973,9810,10155,10143,9991,10038,9978,9984,9966,10151,9916,9981,9994,9967,10176,10279,10086,9915,9901,10145,9980,9828,9938,10194,9976,9977,10079,10233,9910,10058,10185,10041,10091,9785,9924,10161,10115,9838,9925,10132,9985,9977,10028,9838,10104,9983,10083,10116,10085,10219,10064,10078,9922,10086,9987,10204,10229,10235,9993,10036,10056,9847,10000,10072,9985,9918,10075,9965,10042,10050,10121,9964,9860,9976,9822,0,10127,10080,10239,10024,9923,9853,9971,10011,10046,9959,9866,10008,9966,10057,10065,9888,9937,10017,10040,9983,9851,9903,9988,9867,9975,10078,10004,9884,9877,10033,10080,9951,9906,10016,9812
9991,10056,10036,9840,9912,9978,10114,10067,9944,10222,10098,9820,9859,9927,10149,9986,9919,10186,9913,9872,10036,10203,10171,10079,9910,10000,10049,9834,9953,9985,10021,10027,10000,10024,9924,10072,10053,10009,10025,10080,10073,9967,9856,9770,10087,9988,9935,10144,9940,10159,10033,9954,10122,10052,9959,10035,10116,10118,9997,10036,10122,9989,10070,9961,10011,9996,9953,10110,10026,10018,9951,9853,9946,9983,10053,10044,10096,9884,10005,10050,10029,10029,9876,9980,9819,9944,9798,10198,10037,9934,10041,10056,9849,10002,10083,0,9899,10139,10193,9809,10012,9907,10115,10092,10137,9978,10071,10057,9931,9742,10113,10051,9791,10037,10041,10068,9954,9977,9955,9946,9972,10171,9901,9863,9902,10064,9954,9845,10125,9875
9941,9974,10144,10016,10157,10042,10035,10018,9862,10037,9994,10068,9863,10121,10054,10151,10150,9984,10179,10086,10067,10159,9936,9853,9953,9927,10059,10084,10039,10201,10073,9936,9976,9970,9845,10035,10205,10101,10156,10009,9783,9869,9930,9952,9997,9920,10028,10046,10063,9967,9660,9993,10116,9874,10049,10017,9889,10056,10114,10121,10026,10079,9773,10026,9879,10073,9921,10030,10029,9788,10008,9955,9791,9862,10161,9820,9905,10062,9977,10051,10206,10165,9983,10098,10123,9994,10066,10045,10006,10004,10043,10047,9794,9875,9887,10046,0,9965,9869,10014,10047,9961,10135,10028,10080,10042,9980,10097,10007,10110,10113,10165,10040,9857,9905,10072,10179,9913,9999,9860,10007,9940,9943,10016,9888,9981,9925,9849,9968,9929
10064,9970,9893,10049,10073,9920,9990,10089,10062,9784,9893,10002,10033,10058,9849,10145,10092,10105,9913,9911,10099,9903,9990,10028,9922,9891,9980,10188,9807,9962,10224,9987,9936,9915,9999,10179,10114,10091,9952,9988,9897,9911,10037,10034,9993,9890,9985,10132,9925,9694,9965,10013,9959,10093,10055,9981,10048,10110,10102,10148,9876,9883,10068,9895,9779,9981,10080,10034,9998,10064,10017,9963,10029,10026,9902,9937,10039,10063,10057,10000,10089,9746,10004,10154,9848,9949,9887,10005,10134,10154,10035,9942,10017,9788,9939,9846,9970,0,10115,10029,10028,9787,9994,9886,10028,10029,10039,10080,9993,9886,9861,9970,10022,10050,9879,10016,9888,10045,9806,10040,10083,9908,10023,10040,9853,9898,10118,9948,10072,10161
9862,9972,9945,9982,9897,10022,10010,10205,9976,10009,9934,10104,9718,9918,9973,9940,9926,9892,10077,10110,10052,10047,10014,9964,10067,10029,9924,9991,9944,10151,9978,10035,10039,10001,9975,9963,9866,10216,9968,10068,9917,9990,9988,10018,10125,9883,9867,9847,9747,10003,10046,9938,10101,10035,10073,10130,10154,10143,10068,9989,9974,9989,10046,9974,10061,9985,10133,10015,10053,9951,9935,10114,9998,9982,10020,9822,10052,9900,9914,10054,10052,9911,9962,10027,9842,10026,9904,9984,9966,9989,10038,10107,9840,10032,9907,9970,10026,9988,0,9953,10023,9928,10034,10231,9855,9974,10011,10198,9961,10107,10013,10136,9921,10047,9876,9931,9919,10085,9958,10072,9923,10060,10044,9955,9960,9982,9960,10108,10046,10076
10118,10083,10131,9874,10103,10095,9791,9980,9953,9916,10032,9952,9913,10092,10071,9943,10102,10108,10142,10056,10056,9976,10061,10065,10028,9887,9969,9994,9765,9874,9885,10007,9925,10013,10016,10139,10138,9972,10118,10075,10113,10110,10102,10051,9773,9841,10103,9995,9993,9994,9959,10084,10115,9989,10074,10136,10041,9946,9934,10009,10047,10110,9985,9866,9903,10231,9881,10000,9948,10096,9971,10103,9957,9972,9964,9939,9979,10007,9846,10043,10153,10107,10046,10123,9871,10013,10008,10009,10082,9979,9926,9885,9860,10121,9880,10173,9943,10029,10046,0,9986,10050,10109,9945,9994,9801,10098,9845,10052,10080,9888,10002,9960,9956,9799,9887,10117,9933,10007,9967,10009,10008,10084,10066,9816,9822,10020,9911,9883,10005
10011,9893,10048,9955,10080,10067,9984,10110,9768,10047,10048,10109,9936,9870,9897,10065,10028,9862,9997,9847,9910,10022,10004,9867,9976,9875,9931,10052,9961,9940,10007,9988,10089,10060,10083,10103,10033,9873,10033,9860,10034,9950,10072,9962,10072,9923,9961,9925,9973,10006,9944,9974,10025,9978,10152,9877,9784,10008,10129,9955,9931,10095,9803,9826,10002,10201,9933,9822,10202,10035,9857,9952,9949,9818,10054,9859,10078,9781,10026,9843,10091,10109,10139,10094,10047,9962,10079,9723,10054,10045,10026,10000,10164,10197,10109,9851,9922,9947,9994,9855,0,10169,9923,10145,10054,9920,10020,10150,10215,9998,9923,10085,10132,9999,9981,9942,10058,9984,10099,9937,9754,9984,9874,9806,9845,10083,9904,9940,9929,9945
9887,9877,9949,10140,10185,9912,10003,10004,9912,10012,9975,9868,10064,10159,10079,10053,9982,10065,9959,9953,10104,10031,10126,10130,9955,9984,9987,9977,10117,9983,10023,9882,10080,10102,9816,9854,9927,10111,10066,10083,10087,9889,9754,9954,10003,9967,10028,10001,10075,10116,10042,9813,9942,10181,9823,9986,9955,9967,10087,10130,9992,9939,9982,9885,9941,9974,9983,10087,9880,10000,10058,10045,9954,9964,9946,10140,10013,10076,9846,10043,9970,10053,9920,10185,9810,10193,10036,9989,9992,10109,10010,10066,9899,10054,10040,9927,10034,9933,10099,10013,10012,0,10031,10077,10103,10079,9868,10033,9764,10117,9980,9933,10064,10018,10174,10114,10077,10072,9989,9903,9788,9896,9996,9920,9758,9869,9951,9999,10079,9970
9876,10045,10005,9990,10039,9890,9928,10127,10189,9867,10028,10025,9949,10072,10169,9910,9957,10115,9833,10087,10239,10067,9769,10042,10043,9980,10177,10026,10046,9916,9955,10024,10073,9816,9939,9968,9896,9912,10110,10154,9964,9894,9920,9999,10018,9817,9727,10112,9902,10027,9939,9792,9900,10092,9996,9976,10255,9775,9956,10009,10051,9878,10169,10090,10022,10033,9959,10179,10056,10107,9884,9887,9967,10009,9873,9810,9876,9927,9972,10050,9816,9976,10004,9989,9965,10072,10065,9963,9794,9935,9900,9947,10136,9986,9954,9944,10084,10026,10010,10125,9926,9797,0,10067,9983,9996,9969,10059,9947,9946,10022,9909,10027,10027,9934,10034,10077,9887,9942,10148,10043,10022,9945,10187,10072,9911,10054,10202,9933,10052
10064,10117,10153,10132,9948,9979,9945,9919,10061,10256,9821,10172,10038,9938,10027,9990,10033,9923,10094,9961,9960,10010,9920,9967,10072,10077,10095,10157,10117,9914,10099,9951,10008,9910,9859,9982,9761,10073,9890,10033,10015,10078,9908,10153,10146,10080,10256,9977,9907,9859,10002,9994,10101,10114,10290,9804,10035,9924,9895,9975,9837,10016,10028,10170,10023,9870,10037,10091,10125,9963,10062,9946,10119,10026,9990,9903,9914,9900,9951,10003,9961,9933,9959,10075,10042,9906,9975,9967,9892,9936,10139,9983,9948,9873,9930,9894,10208,9860,10058,10244,9978,9822,10017,0,9932,10114,10100,9992,10022,9855,9925,9979,9964,9935,10034,9771,10069,10033,10007,9860,9881,10005,9936,9994,9871,9954,10016,9858,10086,10079
10002,9778,10085,10099,10037,9967,10064,9809,9970,9963,10014,10021,10194,9918,10192,9898,9953,9993,10033,10000,10227,9970,9887,10024,9974,10085,9915,10094,10115,9968,10049,9930,9993,10007,10082,9980,9989,10066,10050,9965,10209,10070,9946,9991,9961,10087,10364,9892,10050,9954,10125,10072,9937,9851,9966,10093,9846,10061,9856,10123,9951,9938,10093,10205,10046,9958,9884,9970,9981,10139,9983,9876,9958,9819,10060,9910,9865,10118,10003,9970,9847,9997,10110,9879,9853,9883,10076,10030,9957,10028,9890,9922,9793,10053,9908,9910,9990,9904,9970,9889,10012,10014,9948,9887,0,9874,10038,10027,10007,10042,9850,10066,9896,10163,10230,9956,10046,10164,10034,9845,10047,9908,9893,10014,10096,10107,9940,10001,9880,10002
10105,10181,9943,9974,10036,9930,10036,10022,10137,9801,10176,9884,9908,10045,10030,10061,10233,10114,10104,9994,9832,9990,9984,10235,10011,10129,9908,9904,9942,9959,9944,9953,10090,9892,9935,10003,10107,10071,10081,10059,10072,9915,9824,9915,10070,10101,9954,9920,10249,10021,10048,10004,10191,9838,10216,10117,10051,9946,10067,10006,9868,9980,10051,9972,9933,10070,9861,9954,10014,9805,10029,10025,9961,10053,9848,10070,10102,10100,9944,9933,9918,9850,10107,9982,10065,9965,10098,10143,9887,10078,9909,10021,9926,10029,10070,10098,9829,10086,9725,10013,10020,10013,9950,9920,9750,0,9971,9996,10078,9980,9951,10063,9995,9963,9977,10070,10111,9894,10079,9918,10010,9867,9973,9953,9985,9982,9887,9917,9997,9835
10018,10073,10080,10118,9972,9924,9991,9930,10069,9933,9983,9897,10104,10000,9997,10102,10021,9919,10035,10011,9814,10001,9957,9998,9971,9873,9845,10013,9987,10033,9915,9988,9957,10066,10088,9750,9869,9711,9963,9964,9941,10132,9940,9918,9941,10009,10006,9882,10064,9817,10091,9901,9984,9967,9825,9900,10125,9938,10068,10080,10067,9990,10127,9941,9953,9980,9850,10036,10083,10132,10302,9854,9891,9976,9866,10069,10190,10107,10064,10058,9971,10187,10044,10010,9817,9830,9913,10182,9927,10092,10057,9854,9930,9843,10273,10010,9964,9957,9936,9919,9847,9841,9838,9909,9869,10021,0,10116,9893,10049,9883,9975,10085,10044,9993,10142,10016,10088,10064,10019,9923,10105,9893,9929,10049,10115,10065,10038,10056,10052
10001,10058,9816,9947,10077,9923,10086,9972,10055,10006,10004,10115,10047,9789,9929,9917,9896,9893,9893,9873,10008,10116,10008,9922,9850,9992,10056,10023,10026,9909,10070,9841,10114,9986,9985,10015,10037,9968,9945,9884,9988,9922,9915,10099,9805,10194,9874,10021,9984,9901,9901,10106,9945,10118,9942,10048,10165,10260,10016,10063,9926,9767,9930,9961,9971,10016,10055,9843,9965,9907,9998,9958,10030,10069,10086,10077,9965,10040,10086,9941,9827,10053,10168,10026,10094,10160,9895,9935,9966,10013,9974,10042,10110,10119,10191,9962,10074,10012,9989,10124,10219,9864,9935,9944,10070,9857,10215,0,9851,9783,9848,10043,10077,9984,9978,10106,10006,10040,10077,10072,10014,10100,9922,9892,9959,10095,10121,9999,10075,9928
9910,9917,10044,9998,9871,9727,9911,9914,10148,10036,9990,9927,9981,10046,10077,10012,10029,10090,10096,10097,9927,9942,10025,10009,10215,10110,9874,10084,9923,10120,9953,10030,9962,9906,9986,9953,10116,9913,10078,10066,10053,10045,9990,10057,9915,9959,9992,10045,9992,9915,9994,9991,9984,9960,10052,9964,9975,10126,9985,9978,9887,9792,9994,10007,10106,10014,10146,10123,9950,10211,10081,9969,9981,10000,9893,10133,10120,9991,9840,9995,10018,10031,10041,10002,9916,9914,9875,10027,10002,9986,10081,9953,10005,9965,9965,10075,9885,9984,10008,10008,10060,10159,10048,10177,10034,9868,10091,10003,0,10027,9973,9955,10204,9897,9871,9952,9850,10001,10159,10104,10137,10021,10215,10055,9760,10023,9970,10077,10134,9829
9936,10148,9853,10054,9889,9825,10198,9988,10045,9966,9942,9784,10155,9948,9917,9931,10078,10094,9824,9921,10002,10061,10124,9913,10047,10014,10027,10118,10026,10022,10015,9947,9834,10270,10037,9931,9998,10097,10222,9834,10034,10063,10188,10083,9989,9941,10212,9966,10017,9963,10012,9708,10029,9981,10062,9926,9846,9919,9874,10036,10013,10000,10167,9989,10076,10033,9903,10002,10018,10150,9917,10070,10003,10141,9971,9917,10021,9770,10087,9863,10103,9887,10036,9925,9987,9973,10021,9881,9900,10109,10008,10185,10124,9723,9919,9959,10053,10226,10190,10049,10120,10056,9833,9824,9950,10010,10037,9847,9814,0,9883,10191,10129,9793,9957,10196,9904,10153,10054,10257,9954,10003,10011,9935,9974,10064,10143,10071,9913,9981
10061,10137,9850,10004,10083,10009,10079,10101,9914,10137,10118,9997,10020,9867,10039,10101,10052,9925,9881,10042,9992,9980,9885,10016,10139,10027,10161,10029,10090,9934,10146,9803,9777,9960,10036,9990,9926,9957,10143,9986,10088,9980,10039,9974,9916,9992,9849,10183,9871,10259,10094,9973,9906,9978,9954,10050,9999,9940,10031,9815,10013,9948,9946,9964,9988,9994,10038,10057,10128,9928,10100,10055,10015,9998,9973,10028,9784,9959,10046,9922,10017,9915,9973,10062,9934,10168,9755,9962,9972,10058,10051,10004,9971,9756,9901,10133,9896,10115,10076,10071,10105,10125,9918,9995,10056,9998,9977,9994,9960,10057,0,9654,10038,9976,9985,9904,9969,10044,9931,10112,9907,10062,10076,10037,9856,9996,9876,9963,9970,9835
9896,10085,10075,9937,10138,10021,10294,9992,10042,10015,10147,9935,10123,10031,10103,9968,10134,9926,9734,10088,9963,10177,10048,10051,9980,10077,10219,10118,10023,10079,9892,10133,9985,10008,9930,9959,9864,10037,9878,9903,9970,10099,9903,9881,9971,9975,10256,9960,10046,10169,9853,10081,10105,10079,9985,9997,10090,9874,9980,9903,9846,10027,10042,9950,9928,10146,9892,10058,10054,9931,9852,10099,10036,9983,10075,9947,10003,9938,9945,9969,9999,10028,10006,10096,10019,10085,10016,9914,9994,9970,10026,10066,10134,9809,10058,9774,10057,9878,10112,9920,10008,9916,9995,9979,10099,9889,10216,9909,9933,10059,10040,0,9944,10049,10040,10132,9964,10156,10059,10001,10227,9945,10068,10113,10206,9884,9952,10008,9980,9841
10059,10058,9997,10115,10033,9924,9967,10039,9999,9721,9967,10048,10126,9986,9994,9988,9952,10079,9921,9955,10086,9910,9836,9909,10075,9944,10004,9877,9949,9979,10051,10004,10088,10034,9948,9953,10120,9945,10049,10040,9910,10073,9886,10067,9903,10168,10147,9947,9899,10117,10013,10101,9985,9778,10059,10117,9688,10119,9921,10080,9963,10030,9914,9938,9970,10102,9808,9958,9970,10012,10046,10117,9816,10102,10007,9754,9947,10063,9973,10131,10071,10035,9970,9899,9922,10219,10032,10091,9876,9915,10089,10097,10072,10116,9936,10087,10262,10001,9838,10020,10039,10045,10103,10009,9884,10133,9881,10117,9798,10116,9946,9958,0,9878,9957,9905,9966,9976,9990,10017,10097,10008,10049,10043,9897,9974,10132,10001,9959,9826
9979,10063,10148,9987,9907,9938,10069,9915,9901,9835,9994,9958,10147,9953,10065,10102,10095,10010,9918,10063,10272,9935,9956,9776,9885,10005,10094,10031,9961,10028,9888,10064,9960,9789,10002,9988,10116,9850,10022,9819,10000,10046,10121,10212,9954,10052,9928,9933,10164,9985,10092,9971,9885,10033,10140,10057,9939,10152,9962,10043,10119,10117,10003,10040,9888,10042,10395,9905,10110,9860,10153,10064,9939,9792,10043,9902,9946,10136,9945,10017,9962,9955,9965,9898,10164,9796,10025,9951,10006,9975,9997,10091,9999,9922,10142,10096,9809,10100,10029,9994,10038,10125,9990,10098,10017,9965,9929,10203,9929,10068,10044,9855,9900,0,10050,9936,10157,10044,10016,9920,9953,10039,10021,10114,9857,10157,10032,9932,9974,9887
9941,9999,9988,9888,9724,9917,9889,9978,9976,10078,10140,9844,10059,9906,10048,9956,9962,9840,9847,10289,10012,10026,9916,9904,9991,9926,9928,10005,10043,9995,10119,10021,10067,9966,9941,10014,9954,10020,9824,10114,9918,10042,10043,10153,9966,9944,9970,10021,9996,10184,10066,9823,9944,9957,9958,10053,10086,10042,10062,9908,10157,9941,10178,9967,10026,10002,9905,9927,10042,9863,9900,10067,10028,10041,10069,9939,10092,10094,9958,10025,9832,10055,10054,9923,9913,9953,10059,9843,9974,10010,10088,9965,10095,10095,10076,9952,10117,9959,9913,9979,9899,9816,10071,9982,10053,10074,10062,10069,10029,10032,10066,10046,10009,10083,0,9922,9971,9945,10109,10036,9907,10069,9932,10046,10021,10016,9900,9996,10094,9977
10005,9948,10006,9981,10082,9968,9975,10074,10020,9939,10086,9790,9941,9857,10072,9962,9873,10104,9890,9975,10016,10090,9938,9949,10104,10014,10059,9842,9938,10083,10037,9955,10223,9949,10061,9994,10068,10026,9873,10101,9923,10036,9885,9899,10057,9970,10059,10073,9968,10007,9980,9939,10091,9917,10145,10021,10026,10079,9998,9913,10102,10069,9960,9975,9925,10004,9940,10008,10042,10110,9861,10089,10009,9824,10109,9916,9942,9848,10114,9944,9976,9842,9934,10083,10029,10014,10071,9913,10008,9996,10211,9996,9988,10015,10006,10072,9994,9912,10049,10040,10018,9810,9984,10115,9899,9999,10004,10036,9982,10048,10026,10011,9982,10041,10081,0,10023,10077,10006,9993,10191,9884,9828,10075,10163,9987,10097,9920,9991,9985
9933,10060,9967,10000,10018,9963,9960,9898,10061,9957,10014,10083,10088,10026,9917,9948,9998,10169,9949,10162,10001,10109,9900,10183,10018,9877,9927,10030,10120,9966,9822,10040,9878,9900,10127,9806,9956,10094,10099,9971,9952,9823,10070,9907,9904,10029,9844,9916,10105,10157,10132,10002,10015,10082,9988,10033,9897,10117,10130,10071,10078,10034,9983,10038,10046,10186,10030,9943,10093,10028,10164,9850,10102,10004,9881,10074,9922,10124,9980,10079,10088,9961,10014,9923,10299,9953,10088,10011,9875,9851,10072,9915,10157,10074,10019,10146,10009,9914,9970,9969,10029,9959,9971,9981,10011,10016,10042,10003,10169,9908,9960,9821,9984,9941,9954,9929,0,9812,9930,10026,9861,10032,10185,10008,10193,9946,10054,9906,9876,10090
10004,9982,9948,9930,10049,9887,10141,10071,9911,9907,9828,9918,9953,10145,10065,10107,10050,10012,9939,10109,10199,9987,9980,10066,10068,10121,9935,9874,10086,9965,10071,9899,9899,9956,9922,9969,10056,9843,9935,10121,10056,10152,9807,10012,9970,10192,9944,9921,10206,10010,10044,9755,9893,9901,10015,10085,9987,10015,10011,9909,10047,10017,10016,9857,9894,10138,10026,9983,9864,9942,9937,9901,9968,9845,9876,10009,9899,10021,9942,10144,9914,10056,10013,9898,10013,9962,9877,9958,10018,9912,9931,9909,9947,9992,10055,9954,10054,9921,10015,9948,10076,9856,10001,10146,9926,9924,9840,10046,9858,10168,10120,9865,10059,9876,10111,9999,10021,0,9934,9764,10199,10058,9990,9977,10205,9930,9974,9945,10097,10176
10132,9948,10032,9984,9932,9898,9974,10057,9995,9899,9948,10096,9930,9841,10010,10014,10022,10005,9950,9886,9965,9934,9954,9808,9984,9958,10013,9962,9949,9999,9984,9900,9969,10033,10144,10074,10154,10063,9909,10030,9788,10182,9890,9922,10111,10071,9907,10038,9975,9970,9985,10009,9900,10064,10083,9856,9965,9983,10168,9935,9768,10033,9893,10315,10147,9984,10032,9953,10035,10046,9898,9941,10011,9933,9919,10024,10006,10053,10177,9898,10036,10072,9963,9962,10115,9970,9833,9996,10024,9930,9956,10018,9887,9977,9938,10065,9980,9947,10044,10077,9956,9834,9945,10205,10071,10060,10045,10152,10185,10183,9928,9997,9932,10188,10206,9992,10104,9920,0,9805,9986,9975,10042,9893,10228,9973,10069,10008,10010,10061
10235,10039,10127,10023,9998,10130,10157,10100,9862,9945,9976,9879,10038,9921,10116,10063,9797,9873,10118,10046,10087,10032,9991,9796,9944,10146,9984,9951,9882,10065,9925,10004,10036,9978,10016,10080,9963,10044,9831,10036,10040,9996,9945,9988,10011,9941,10075,10003,9842,10045,9834,9986,9852,9869,10094,10171,9899,10001,10028,10121,9855,9769,9970,10004,9884,10127,10025,9870,9933,10053,9904,10041,10001,10130,9874,9982,10037,10118,10207,10019,9926,10104,10092,9928,9986,9981,9983,9981,9867,10164,9937,10046,9956,10076,9964,10005,9873,10181,9875,10044,9704,10004,10221,9980,10097,10072,9959,9883,10031,10034,9892,10071,9936,9977,10065,9980,9912,9893,10139,0,9887,9952,10200,9887,9862,10108,10081,9895,9874,9917
10021,10035,9921,9880,9856,9947,9841,9956,9806,9864,9944,9953,9991,9918,10003,10100,9846,10044,10005,10031,9902,9979,10062,9931,9938,10015,9851,9845,9976,10036,10019,10070,10165,9950,10094,10193,10090,10035,10038,10020,10159,10017,10054,9802,10099,10055,10111,10041,10028,10178,10007,10133,10117,10105,10028,10042,9953,10034,10094,9949,10039,9855,10037,10157,10036,10077,10060,9954,9819,9936,10019,10138,9923,10120,9979,9968,9939,10091,10071,10032,9986,9899,10103,9919,9801,10033,9977,10106,9847,10077,9898,9962,10033,10007,10031,10163,10043,9946,10066,10105,9996,10034,9860,9924,9991,9861,10193,9958,10197,9815,9989,10046,9964,10095,9938,10038,10100,10069,9974,10149,0,10054,10092,10115,9998,9927,9949,9899,9920,10042
9841,9994,10048,10002,10047,10121,10023,10043,9952,10042,9856,10008,10099,9893,9981,9914,9922,9916,9974,9993,10108,10062,9886,9821,10099,10042,9939,10319,10017,10094,9915,10036,9927,9929,9834,10120,9919,10078,9951,10005,9907,10178,9997,10212,9993,9867,10033,10057,10037,10232,9947,10049,10107,9979,9946,9933,9875,10004,10051,9967,10072,9877,9945,9978,10245,10066,10247,9963,10009,9880,9853,9891,9943,9853,9881,9960,9893,9968,10220,9789,10031,9914,10109,9942,10117,9878,9863,9874,10051,10183,9940,10076,9876,9991,9978,9979,10040,10167,9912,10080,10279,9926,9980,10021,10037,9898,9875,9967,9986,9943,10021,10089,10025,9857,10102,10053,9871,10143,9988,9971,9953,0,9874,9806,10074,10041,9961,9931,10110,9925
9892,9974,10121,9986,10140,9916,10212,10102,9886,9930,9848,9974,10035,9934,9901,9893,10056,10008,10062,10158,10185,9962,10006,9958,10013,10058,9958,9975,10095,10094,9844,10047,10088,9901,9894,9895,9951,9833,9995,9973,9877,9972,10252,9925,10085,9981,10207,9840,10175,9941,10087,9994,9987,10008,9968,10012,9949,10046,10020,9986,9887,9934,9980,9952,9901,10157,9898,9935,9851,9933,10037,9997,9929,9889,10112,9805,9825,9971,10014,10118,9965,9947,10216,9962,10086,9988,10012,9966,10112,10108,10102,10091,10115,10058,9931,10051,9993,9947,9983,10077,9938,10024,10027,9879,9937,9916,10075,10001,9777,9950,10041,9952,9828,10056,10028,10012,10091,9825,10155,9981,9940,10002,0,10198,9951,10019,9943,9941,10068,10059
9968,10064,10161,10071,9972,10133,10143,10161,10141,10058,10026,10045,9890,9952,9993,10041,10163,9978,10065,9931,10065,10076,10102,9978,10059,10001,10169,10225,9859,9907,10019,9910,9903,10042,9991,9914,10032,9898,9871,9998,10115,9904,9908,9878,10035,9833,10035,9791,9978,10005,10058,10067,10013,9972,10074,9854,10034,9874,10218,10037,10003,10036,9881,9945,10016,10180,10022,9947,9914,9924,10144,9968,9907,9862,10036,9902,10110,9905,10019,10102,9985,9963,9981,9997,10125,9899,10029,9930,10044,10178,9909,9885,9852,10102,10021,9888,9848,10062,10029,9999,9989,10019,9971,10070,10184,10062,10089,10060,10059,9895,10110,10074,10221,10124,9857,9927,9942,10092,9964,10012,10153,10068,9859,0,9986,10129,9989,9924,9900,9807
10113,10008,9910,9985,10059,10012,9871,10058,9900,9939,10032,9977,9897,10161,10026,9747,10050,9958,9842,9929,9821,10075,9910,9923,10133,9990,10067,10150,10067,9925,9889,10050,9943,9920,10061,9964,10056,9984,10065,10038,9966,10128,10127,9856,9842,10016,9821,10053,10044,10043,10087,10127,9947,9894,9938,9866,9935,9898,9969,9994,9864,9883,10094,10120,10131,9906,10027,10159,9920,10042,10138,10113,10074,10074,10020,10047,10074,9994,10135,9944,10094,10071,9993,10085,9852,10105,10158,10063,9991,10056,9837,9963,10032,10055,9849,10170,10096,10107,9933,10118,9849,9879,10074,9947,9891,9873,9983,10045,9844,9912,10080,10022,10066,10110,10124,10021,9946,9865,10084,9983,9977,10047,9960,10053,0,10011,10013,9858,9946,9958
9935,9978,9853,10027,9949,9983,10050,9950,9988,10113,9995,10062,9968,10160,10072,10076,10063,10052,9920,10059,10066,10052,9977,9953,9955,9866,9962,10026,9961,9917,9909,10033,10107,10061,9932,10121,10045,10053,9867,9949,10009,9950,9924,9998,9973,10210,10189,10275,9884,10042,9903,9994,10023,9863,10046,9985,10083,9955,10161,9868,9912,9988,10020,9985,10088,10242,9956,10018,10159,10055,10073,9960,10068,9933,10213,10154,10073,10031,9885,10020,9878,9944,9794,10262,10014,9925,9947,10160,10019,9841,9981,10070,10100,9899,9993,9939,10003,10050,9970,9937,9981,10009,9906,9764,10074,10008,9924,10017,9976,10014,10064,10085,9986,9979,10033,9896,9902,10022,9900,9856,10077,10092,9952,9968,10176,0,10199,9954,10037,9886
10147,10061,9935,9872,9934,9787,10080,10065,9928,9969,10171,10055,9950,10001,9860,9882,10096,9853,9961,9912,9855,10026,10305,9788,10022,10016,9954,10123,10018,9971,10048,10098,9930,9801,10049,10193,9945,9967,9833,9932,9700,10197,9905,10071,9914,10068,10100,10118,10057,9871,10053,9888,9997,9911,10060,10030,10036,9935,9915,9914,9706,9922,10107,10090,9943,10076,9951,10160,9928,10155,9959,9891,10100,9989,10051,10005,9912,10221,10118,10058,10092,10088,9887,10028,9792,10095,9781,10021,10094,9914,10017,10058,10164,9989,10039,10010,9941,10054,9887,10063,9845,9800,10044,10021,10193,9874,9975,9986,9985,10064,10050,9802,9811,9883,10052,10138,10043,10126,10006,9838,10002,9993,9994,10033,9852,9999,0,10213,10250,9986
9987,10040,10000,10168,10039,10041,10035,9941,10132,9873,9988,10018,9960,10075,9796,10183,10047,9736,9886,9904,10001,9904,9971,9828,10108,9866,10194,9990,10111,10122,10026,9902,10094,9970,9843,10018,9924,10144,10006,10098,9997,10122,9966,10116,10186,10107,9788,9968,10121,10044,9924,10005,9982,9951,10086,10019,10090,9990,9933,9908,10107,10111,10116,9951,10089,10143,9918,9988,10143,10081,10089,9906,10140,9852,10134,10305,9917,9974,9965,10146,10022,10025,9996,10032,10051,9975,9949,9940,10105,9938,10093,9904,10031,10163,9955,9998,10076,9854,9984,10159,10043,10102,9861,10033,10065,9974,10129,9865,9939,9986,9920,10136,10105,9928,9921,9964,10035,9919,9875,10098,10037,9970,9913,9991,9941,10040,10062,0,9981,9883
10003,10050,10251,10054,10173,9892,10133,10208,9941,10037,9937,9980,10002,10215,9979,9930,10045,9958,10154,9916,10081,9907,10009,9842,9884,9946,10077,10070,10017,9965,9959,9972,9973,10154,9977,9953,9950,9920,9871,10199,9921,10036,10151,9824,10113,10033,10057,10145,9943,9823,9962,10082,9960,10052,9968,10023,10170,9895,9980,10059,10192,9967,9961,10085,9900,9990,9868,9900,10135,9878,10007,9829,10053,9988,9898,10013,9991,10189,10049,10066,9959,10071,9987,9951,9850,9993,9894,9736,10120,10049,9937,9987,10051,10258,10113,10131,9906,10078,10121,9852,9989,9847,9978,10025,9921,9941,9963,9977,10119,10160,10288,9959,10074,10138,9910,10111,9788,10075,10159,9855,10058,9860,9869,10110,10041,10063,9900,9980,0,10022
10173,9893,9980,9878,9835,9980,10102,9964,9923,9949,9782,9995,10129,9828,9942,10156,10006,10014,9895,9966,10158,9888,9968,9904,10186,9872,10135,10007,9931,10087,10069,10026,9983,10056,10097,10069,9924,10017,9858,10069,10055,10028,10025,10015,10069,9973,9898,9952,10137,10073,9939,10060,10134,10101,9736,10052,9929,10074,10087,9997,10006,9989,9970,10173,9985,10087,9960,10032,10208,10073,10035,10266,9840,9971,10094,10048,10017,10045,9944,10139,9829,9887,9984,10022,10076,10057,10094,9949,9937,9948,10031,10029,10032,9954,10065,10053,10053,10015,9957,10017,10015,9970,10040,10028,9945,9904,9939,10031,10067,10106,9997,9855,10057,9760,9842,9861,10057,9791,9895,9841,10015,9828,9918,10105,10135,9962,10027,9927,9885,0
