0,734,917,591,763,824,675,973,934,515,533,979,525,826,584,647,756,867,961,924,960,852,616,936,596,642,997,975,597,763,820,788,822,602,775,982,634,741,850,650,864,626,628,511,680,529,730,670,624,995,762,819,830,744,938,947,698,721,743,900,533,740,796,863,908,950,793,588,786,542,675,961,645,930,905,718,637,841,513,897,534,527,766,860,994,548,646,947,896,822,989,608,760,916,950,579,539,755,670,934,765,722,796,590,848,842,741,601,520,507,817,801,699,947,648,646,786,887,987,817,672,622,839,920,945,920,520,853,592,507
558,0,692,538,564,613,870,795,961,799,536,542,730,741,661,752,538,914,617,655,914,829,839,809,845,794,831,648,943,991,775,713,563,658,767,515,531,996,936,737,850,594,966,721,543,969,792,957,517,543,976,507,579,642,536,590,518,834,738,759,864,689,621,894,744,794,770,942,953,598,600,631,640,908,670,590,751,627,788,592,621,551,930,866,842,811,732,686,816,780,567,682,628,534,993,588,613,684,556,874,790,664,744,957,519,801,587,957,552,749,677,703,839,600,626,921,761,778,721,834,656,516,796,606,783,506,581,850,634,559
561,633,0,834,579,708,629,978,734,897,844,757,813,850,611,988,787,624,602,877,629,786,903,564,979,991,583,973,905,746,726,790,797,805,557,636,642,897,563,782,706,751,733,966,879,611,834,658,714,696,832,832,908,811,879,587,751,559,981,694,810,863,759,888,855,742,922,991,800,548,868,695,675,625,525,580,886,578,853,691,789,621,619,757,838,692,856,891,824,799,637,820,972,801,559,505,904,562,569,707,747,703,544,844,893,889,730,696,673,859,971,808,968,650,838,659,527,729,563,920,989,967,913,890,894,675,902,933,691,648
973,987,507,0,544,993,690,683,560,798,906,577,941,874,789,800,565,933,912,737,677,760,612,581,871,837,907,616,519,605,543,649,811,921,928,771,775,549,971,908,932,763,582,873,971,891,865,851,579,867,759,547,834,636,642,928,781,982,670,773,595,597,861,981,965,992,692,844,597,557,724,734,966,859,523,900,720,504,890,851,862,637,659,505,617,917,602,559,613,537,671,807,765,621,628,823,518,572,803,745,821,705,511,593,983,744,882,829,802,997,633,615,601,811,534,972,568,608,595,791,541,607,725,897,620,534,903,621,758,924
598,593,714,821,0,688,510,965,636,847,784,797,944,719,683,849,634,827,677,859,802,707,941,684,976,736,703,830,825,587,675,703,740,522,995,873,832,981,774,963,596,655,685,968,749,510,702,599,534,963,891,958,981,656,896,652,896,536,509,647,609,698,963,953,719,685,835,970,885,706,708,565,895,970,979,718,553,596,952,801,642,788,607,834,970,750,686,788,785,520,990,761,549,697,519,609,856,747,860,861,508,858,946,994,999,527,590,894,940,853,931,586,689,727,679,557,684,869,800,757,771,929,546,590,517,592,941,997,799,892
647,938,656,700,826,0,699,573,899,984,571,923,841,975,739,720,909,839,617,659,926,614,809,521,533,692,964,657,533,833,521,816,729,730,860,760,890,665,615,872,736,616,686,712,586,879,680,722,557,529,839,531,958,808,685,567,761,765,918,932,801,725,829,733,590,910,731,831,882,800,697,705,888,560,600,894,773,602,730,706,834,620,1000,660,991,674,510,854,990,650,986,723,954,670,853,873,667,789,957,972,749,549,720,867,593,725,712,905,714,835,936,657,903,744,827,989,824,942,725,687,937,827,853,599,904,557,553,981,851,820
807,509,642,585,789,669,0,662,993,950,921,663,672,579,882,674,628,725,959,731,600,884,769,916,781,899,767,664,719,815,987,597,623,532,915,972,837,938,880,562,996,998,612,560,640,990,841,825,785,843,601,549,730,780,607,678,610,723,860,660,965,654,870,854,830,897,623,665,624,517,705,756,851,784,707,891,870,923,805,750,760,579,659,797,540,725,525,516,762,940,707,607,738,787,751,964,928,726,527,509,740,763,568,717,766,809,830,910,721,927,749,644,595,940,744,765,785,584,552,972,731,683,530,955,808,523,834,945,997,905
591,740,602,550,973,557,528,0,805,765,880,569,603,843,906,695,671,635,544,740,667,729,595,851,759,545,777,685,775,950,693,588,979,985,954,767,876,531,500,905,664,992,861,929,751,823,890,880,958,978,727,589,805,611,505,609,524,610,574,610,682,778,753,694,562,761,871,820,689,532,626,806,638,519,507,602,528,701,823,796,824,757,572,544,852,584,694,887,660,772,956,653,620,865,990,907,912,976,754,629,774,596,925,604,663,663,989,701,724,735,556,511,695,826,644,534,648,751,972,881,702,544,508,684,603,788,796,676,804,928
833,629,948,897,997,628,877,633,0,854,581,822,521,857,697,927,837,502,987,858,726,553,893,830,642,588,601,767,640,717,718,806,664,774,981,751,518,973,624,528,788,703,794,501,725,932,661,696,873,908,614,793,923,629,675,926,601,767,535,659,571,511,833,691,635,529,595,616,744,998,947,839,586,908,511,951,757,601,619,658,800,728,728,581,605,603,696,515,954,635,781,966,714,805,537,552,958,879,967,588,508,829,595,945,686,643,836,993,782,992,808,727,999,951,983,891,896,733,803,674,598,627,667,827,775,611,916,750,677,821
726,906,720,858,520,617,899,598,822,0,542,501,669,711,674,585,984,530,996,543,552,870,759,690,973,522,534,707,762,537,661,871,953,948,871,740,875,519,865,978,977,833,860,789,843,806,861,652,790,948,683,823,697,959,991,787,936,974,854,636,569,555,609,558,684,733,527,900,518,701,552,506,763,975,634,781,676,599,921,689,912,734,814,628,698,689,675,898,742,745,671,709,534,838,547,927,907,921,835,524,511,607,756,917,593,894,843,671,717,570,544,750,816,618,824,778,716,698,523,517,532,537,504,999,559,807,830,540,564,813
518,566,616,571,601,965,835,613,542,915,0,586,751,903,919,971,725,861,618,515,572,654,900,694,946,847,746,779,641,974,550,849,878,747,800,816,539,917,809,797,865,738,636,907,887,734,592,804,608,729,971,561,689,836,893,700,671,859,902,956,990,821,711,611,796,550,734,958,851,558,790,750,524,627,628,684,628,842,661,769,642,999,548,644,567,604,511,679,930,908,537,935,717,688,850,821,728,727,791,502,645,686,503,915,809,837,554,956,976,843,903,659,575,556,823,966,730,516,707,896,553,629,865,702,988,700,720,843,711,793
547,844,858,618,628,880,589,889,981,655,762,0,547,907,732,547,974,619,528,644,888,758,946,927,801,633,799,996,529,679,861,531,782,771,755,684,798,870,810,569,675,603,647,568,778,587,516,887,882,584,640,577,914,812,594,970,965,995,973,731,936,975,869,988,977,960,928,729,600,752,996,927,607,513,617,601,733,913,909,758,630,733,573,919,596,743,563,691,678,947,662,575,555,514,505,978,820,980,799,616,573,533,751,780,952,987,988,647,502,741,970,604,507,831,663,790,700,880,992,791,968,536,845,715,953,723,620,578,698,788
617,723,708,862,754,712,587,519,904,899,627,566,0,638,503,532,571,825,946,692,603,736,561,701,830,852,649,667,639,633,703,735,958,942,952,528,766,571,591,995,836,568,606,524,728,836,810,879,791,675,506,787,693,755,890,774,753,703,616,553,567,754,631,560,729,683,702,958,622,970,748,688,585,879,886,893,935,941,827,808,640,506,504,915,638,847,590,973,577,503,779,728,989,815,979,893,662,870,811,725,739,789,544,764,777,573,872,590,830,963,652,645,767,502,519,966,893,774,999,909,596,998,519,680,564,958,950,756,821,943
583,537,608,673,670,780,871,906,917,673,864,674,588,0,648,860,582,971,989,562,658,585,929,955,667,538,532,591,947,561,593,857,777,747,803,533,517,683,649,649,832,842,565,614,641,798,585,792,678,602,538,506,812,893,525,652,508,570,712,884,577,609,698,585,603,846,972,545,682,810,725,592,878,935,540,589,520,719,712,530,744,671,728,666,906,615,659,885,781,688,997,778,653,594,681,612,726,966,842,652,963,889,538,537,770,933,974,670,639,757,988,817,671,630,825,865,593,925,938,965,677,940,864,974,686,599,916,942,762,881
721,560,863,539,859,803,675,956,629,694,611,692,702,913,0,573,674,695,726,887,792,719,841,518,862,943,895,599,606,592,782,504,991,744,587,770,782,725,716,766,846,761,755,692,970,595,937,733,699,511,862,955,984,990,871,755,622,920,700,959,781,597,811,890,615,942,542,981,734,653,966,765,545,741,594,818,735,654,823,987,901,936,759,976,603,635,817,621,853,905,723,933,799,506,824,733,632,659,842,964,967,953,954,996,723,767,851,521,772,898,664,848,858,856,882,684,565,529,684,730,840,665,790,668,848,884,751,870,662,664
799,899,562,506,658,641,954,737,955,642,680,649,617,973,728,0,897,707,615,559,929,836,948,731,932,702,942,812,976,776,901,994,932,858,930,709,515,524,893,816,537,913,889,746,791,658,747,560,673,561,827,632,962,832,619,900,881,960,923,885,834,568,622,950,962,803,806,976,909,611,771,936,930,957,655,543,749,840,728,946,781,656,603,668,646,754,874,737,572,762,963,717,614,504,679,598,812,589,757,734,681,505,897,790,673,787,563,909,506,598,563,534,999,788,672,603,799,776,812,569,644,815,562,934,559,981,503,773,611,959
677,927,625,954,660,842,504,808,527,731,532,649,722,538,804,647,0,889,689,716,610,991,940,720,546,680,865,539,603,571,686,547,787,516,986,842,525,818,869,813,788,909,748,852,752,940,878,814,748,993,539,529,522,863,503,965,570,613,679,857,564,857,574,878,638,975,963,698,537,712,912,988,915,860,529,707,780,986,606,757,856,898,526,813,883,811,583,932,619,908,604,754,554,760,508,868,606,795,710,688,817,780,985,908,807,515,705,855,511,689,576,838,956,603,778,805,602,725,631,892,503,755,694,691,814,675,930,823,899,982
832,622,566,549,640,541,688,824,555,576,725,826,579,810,919,622,878,0,669,764,801,506,863,860,957,770,667,764,982,939,550,559,887,947,563,806,633,743,613,749,815,792,784,941,610,813,943,986,861,572,653,848,950,826,667,943,855,732,511,952,510,806,923,564,888,753,663,608,923,761,963,770,673,565,627,844,866,881,556,739,714,525,698,667,640,796,710,743,801,960,825,932,562,900,708,549,799,771,803,776,672,735,949,880,768,597,770,609,747,937,611,942,881,544,528,673,634,749,617,511,663,977,665,661,891,591,922,584,538,871
993,895,746,692,609,592,695,733,808,577,857,796,791,674,755,571,946,588,0,910,840,516,761,946,663,862,952,637,914,754,978,565,827,819,713,554,808,930,501,955,914,853,502,661,607,525,684,688,831,894,604,893,659,542,869,671,533,525,904,689,859,657,941,504,971,665,844,629,743,936,686,889,839,810,693,629,898,604,969,616,641,844,624,704,683,887,713,599,564,904,607,788,758,912,705,981,675,816,615,619,934,668,704,800,913,584,643,685,832,535,864,719,912,952,535,739,848,867,974,814,625,519,626,865,943,648,501,929,762,921
704,614,734,698,960,594,542,580,768,707,903,957,576,1000,760,502,615,785,920,0,783,542,663,656,730,741,575,513,514,922,637,896,991,598,820,615,814,817,712,964,687,960,935,524,766,603,876,541,848,519,991,571,729,650,700,865,888,630,639,669,879,675,780,920,560,943,700,524,578,657,987,672,722,603,579,908,547,813,531,881,919,509,983,503,848,647,842,965,775,634,952,796,686,543,753,940,699,912,709,543,520,940,508,904,899,685,815,795,986,556,574,601,717,714,643,987,634,679,767,538,768,747,657,587,979,521,692,666,898,658
509,808,856,637,996,624,947,644,951,886,601,898,932,546,834,982,550,915,533,536,0,932,947,853,726,751,754,746,813,576,850,728,593,970,760,855,748,564,797,811,623,898,867,544,610,826,564,555,610,697,942,646,584,761,596,728,959,514,960,995,911,914,952,554,780,696,856,844,640,720,584,905,793,565,708,843,690,817,907,561,555,756,714,580,727,905,700,538,985,616,1000,685,858,686,805,965,717,668,724,995,627,856,646,537,756,636,504,783,834,658,563,523,947,534,653,549,659,508,950,838,758,815,729,875,604,668,709,675,880,584
893,838,741,998,525,710,630,874,587,991,782,759,937,853,675,985,517,903,952,981,738,0,564,882,956,763,677,899,673,793,573,657,848,545,593,941,965,815,865,560,742,738,851,790,637,852,959,582,518,635,753,502,659,587,515,604,942,689,684,684,904,815,928,617,528,928,870,743,912,635,736,989,708,932,937,691,972,713,844,810,819,876,792,511,514,603,552,786,904,633,810,594,816,630,905,708,823,940,840,730,518,844,849,973,676,625,513,664,957,521,704,673,537,901,873,717,804,740,943,747,508,716,818,966,522,518,792,691,577,674
848,992,637,506,636,837,791,507,631,679,809,749,741,688,744,622,882,592,733,508,784,820,0,699,548,902,843,646,705,841,587,864,816,884,824,575,858,925,650,910,921,972,947,762,985,890,963,594,779,876,712,808,502,856,584,985,920,770,799,577,589,951,602,885,746,530,840,896,603,595,805,807,592,542,995,816,796,828,670,511,605,574,850,929,849,721,657,614,930,703,615,760,717,827,827,752,717,815,648,707,790,719,760,810,930,656,780,557,860,567,795,710,978,954,963,554,906,796,576,772,655,600,719,536,689,793,917,621,886,894
913,633,663,688,971,672,798,846,830,521,691,688,721,667,596,554,568,754,582,979,776,782,747,0,742,639,934,687,982,789,989,684,507,691,796,907,849,789,640,910,879,637,633,787,785,998,731,674,886,991,615,681,642,608,938,712,519,691,710,862,585,692,839,869,999,789,590,795,758,694,977,910,861,721,857,976,775,962,738,881,841,619,571,833,516,855,538,552,585,704,600,690,742,908,828,901,667,727,774,789,514,563,906,675,916,983,861,882,933,955,546,509,560,882,843,877,690,769,934,609,683,583,518,554,920,657,926,993,989,692
907,841,886,713,605,799,885,522,973,649,956,516,664,655,873,914,652,773,910,737,593,610,754,623,0,857,543,796,681,628,646,765,875,919,597,599,829,643,814,828,848,935,992,826,681,684,814,740,550,996,875,785,559,548,947,508,734,515,986,825,718,551,524,916,891,504,824,819,911,832,951,780,970,916,642,704,760,724,619,775,913,537,739,581,953,680,609,815,998,959,576,885,743,775,710,506,997,597,695,612,761,758,747,652,651,780,961,610,645,671,728,826,949,903,607,933,977,532,796,510,724,639,595,756,538,579,995,787,564,711
793,855,871,577,856,603,530,734,958,646,658,685,783,590,690,616,537,791,908,892,761,949,966,517,777,0,962,505,875,900,790,875,652,568,807,711,637,686,575,999,592,553,697,694,630,654,501,713,541,743,603,816,965,881,607,572,811,760,956,863,546,878,702,637,761,910,714,850,649,845,583,813,779,715,742,889,819,997,571,748,584,519,997,626,570,944,856,800,837,658,534,728,908,646,653,556,562,683,817,946,656,913,676,926,886,653,847,728,600,987,919,790,585,991,603,907,941,667,751,710,948,897,793,940,566,517,828,710,949,826
917,718,626,615,809,609,732,532,646,934,930,883,892,923,914,670,511,512,646,970,660,829,693,961,904,606,0,695,737,691,770,922,894,653,729,564,760,644,593,657,852,995,966,836,665,747,897,708,891,558,958,662,775,699,570,975,620,596,698,777,718,607,827,693,707,500,837,767,639,831,694,971,754,667,571,887,740,879,809,897,990,929,850,944,620,876,533,705,770,548,895,748,939,581,872,502,892,776,527,620,882,985,715,561,721,970,808,966,949,950,883,670,633,774,501,908,546,933,989,555,760,866,834,984,895,754,613,852,563,763
578,910,754,936,789,652,700,689,946,896,952,607,801,602,723,508,792,536,732,959,797,573,577,718,632,754,910,0,711,888,912,508,973,813,848,532,502,612,714,875,955,888,735,512,700,907,743,810,807,700,683,559,769,946,783,537,614,714,635,828,779,895,711,824,898,898,585,634,894,949,867,847,509,547,615,845,672,940,751,628,833,665,736,851,672,502,521,525,804,914,549,587,883,797,807,789,741,624,714,619,956,809,839,685,986,866,735,798,757,696,887,672,860,583,554,971,724,708,511,646,931,791,961,756,543,661,629,750,594,839
812,881,635,982,889,740,965,729,566,582,954,813,864,919,582,999,627,571,597,674,550,631,927,677,505,555,732,693,0,814,753,784,785,828,828,897,855,624,730,911,909,922,710,567,979,613,895,849,776,816,917,650,514,977,926,791,647,715,875,741,545,858,715,590,866,886,888,625,651,717,767,578,892,559,929,875,602,762,900,958,648,889,761,525,859,947,767,745,679,986,853,793,883,524,682,776,616,993,618,875,770,664,766,787,970,748,967,796,685,640,899,543,719,989,661,831,615,568,991,539,719,631,996,977,936,717,558,755,927,606
778,998,785,876,619,984,929,763,631,529,755,786,898,711,792,828,602,739,894,634,841,566,718,931,590,562,519,611,951,0,515,697,578,988,844,530,923,506,881,891,684,913,920,506,606,960,500,635,521,562,884,704,767,610,951,681,874,959,529,644,671,693,926,751,682,975,676,566,976,583,765,935,840,929,863,871,935,677,803,655,809,751,852,603,917,842,523,693,539,717,940,518,732,927,535,772,708,734,585,694,780,832,852,714,768,696,848,717,501,642,988,650,809,902,643,922,645,829,867,792,730,528,803,705,852,508,544,777,726,678
957,887,541,763,737,563,590,977,716,646,623,524,672,894,819,746,680,516,510,523,744,822,544,723,749,938,949,801,984,802,0,861,752,882,667,776,846,833,878,674,885,527,821,883,800,679,589,660,963,508,769,771,742,641,533,775,985,719,648,559,712,894,786,978,512,685,769,661,931,888,662,828,853,992,821,671,644,813,823,658,572,784,887,809,778,622,700,797,798,813,775,930,916,619,734,864,854,566,663,601,574,610,921,623,696,942,550,729,805,618,675,896,665,997,528,762,599,654,503,541,553,752,858,951,610,558,987,997,975,560
865,667,685,897,589,884,566,539,640,788,712,934,757,671,977,567,564,649,777,643,851,903,690,834,631,549,637,807,881,992,650,0,596,821,1000,662,553,574,696,716,924,972,621,613,630,920,821,676,566,877,714,508,609,916,733,623,530,541,668,977,706,608,730,861,781,916,584,831,653,799,894,667,940,793,618,526,810,720,589,776,809,745,639,687,593,757,778,945,692,636,703,698,703,741,647,567,546,697,833,851,681,804,549,854,929,657,616,558,767,791,752,582,772,941,611,630,572,742,503,897,961,934,569,611,569,932,911,686,722,797
967,679,885,976,627,504,832,856,856,611,922,990,856,574,638,546,514,806,770,826,664,838,880,925,920,876,950,859,606,582,841,743,0,792,964,841,672,611,798,577,908,600,650,818,529,1000,790,530,563,697,861,608,592,894,699,989,741,667,951,842,900,884,642,948,921,680,570,568,805,932,676,895,670,959,780,915,973,871,817,753,801,802,976,826,700,956,868,897,843,673,624,842,535,988,562,721,824,849,808,964,728,992,519,776,866,634,593,562,973,966,510,967,597,636,696,857,976,680,542,810,866,602,979,960,833,553,745,757,781,822
738,979,719,580,582,579,551,590,823,680,888,828,863,815,649,727,557,721,989,990,578,782,778,674,975,938,693,508,537,644,654,637,870,0,634,752,825,550,608,805,658,832,656,766,574,830,985,622,547,578,883,573,538,755,874,625,528,658,593,543,986,860,635,847,671,862,908,829,911,827,745,775,739,720,795,856,544,934,959,882,607,729,883,883,684,563,780,709,504,643,588,616,845,774,741,520,558,831,553,896,704,940,501,509,660,687,899,937,874,942,753,584,633,613,791,639,984,930,947,694,725,558,813,951,568,646,820,741,903,621
662,806,772,808,742,535,967,719,642,617,874,558,879,819,971,814,986,827,608,971,656,864,963,705,980,536,815,625,546,612,529,882,902,678,0,742,664,892,661,938,774,765,552,879,675,697,924,553,927,697,929,691,515,517,945,531,878,627,946,752,922,746,715,908,521,894,527,942,788,639,695,611,624,521,621,889,809,840,744,693,649,765,524,987,960,970,852,621,877,742,526,959,781,777,691,631,844,604,866,999,965,849,976,643,601,786,998,966,775,888,639,737,768,814,671,645,757,552,815,701,922,668,823,567,780,850,640,627,776,722
786,896,875,609,863,581,689,730,802,877,898,997,770,831,976,890,853,843,999,611,922,638,537,957,808,788,907,630,699,608,796,928,871,505,523,0,668,612,952,786,855,779,828,835,749,758,543,807,757,648,607,507,710,939,827,924,654,727,979,793,959,931,966,669,909,590,745,715,657,564,532,655,683,721,545,590,644,944,818,643,770,520,829,619,674,752,971,654,740,876,638,534,962,591,922,655,889,805,705,816,550,905,648,801,514,642,858,964,974,956,729,743,985,807,742,840,757,867,728,994,644,621,856,563,705,724,881,865,506,694
893,977,517,744,599,957,780,873,901,673,711,999,779,717,696,750,754,578,859,712,936,558,650,735,934,605,637,608,637,541,656,691,629,867,685,831,0,618,616,632,639,951,782,921,553,940,903,978,596,758,832,857,509,725,745,885,999,900,661,660,562,691,938,625,561,667,632,556,587,547,861,531,864,547,566,710,710,554,805,514,830,821,979,513,941,641,618,628,508,706,631,937,607,589,655,709,665,574,888,950,611,772,554,572,696,725,894,995,992,965,808,768,847,721,559,532,803,717,662,909,745,794,858,640,799,776,815,552,743,804
939,684,943,586,942,647,584,764,553,544,715,847,520,543,864,930,784,904,745,629,972,567,821,952,601,607,746,555,624,652,929,583,722,571,771,549,969,0,804,960,780,768,775,637,750,532,927,935,816,763,994,818,849,829,679,983,578,819,631,1000,997,896,682,658,627,564,862,986,789,920,960,624,766,717,646,538,512,820,911,739,774,881,857,993,793,815,586,706,955,896,719,944,548,563,790,789,999,755,561,986,753,856,986,584,658,581,879,521,525,879,517,860,729,672,716,627,510,534,640,957,854,600,849,992,595,824,871,752,635,879
790,907,919,801,642,681,552,694,605,820,706,575,776,831,702,691,535,959,909,885,765,584,850,832,941,511,661,738,867,838,785,810,552,869,547,600,518,774,0,526,532,935,681,663,547,702,672,632,854,992,600,660,714,955,969,636,992,634,969,756,552,854,651,564,925,761,599,990,529,736,504,691,945,634,774,789,516,538,568,832,789,999,899,540,568,949,692,694,578,760,949,719,527,624,891,796,567,734,742,596,923,957,523,942,710,948,516,991,697,920,773,765,539,513,822,596,738,966,954,831,852,555,730,860,720,986,614,804,712,708
845,937,771,841,967,674,769,674,639,696,935,944,623,549,878,837,592,792,959,916,640,510,544,947,647,801,889,794,882,523,675,867,981,919,976,809,700,921,642,0,579,721,899,722,908,942,657,537,631,979,798,729,591,838,966,634,738,556,618,918,712,533,848,661,925,842,767,797,536,858,928,881,974,775,590,882,868,842,809,946,567,903,649,849,600,559,505,576,742,528,820,743,572,550,700,804,655,895,701,757,748,803,805,786,666,957,833,567,701,786,841,663,731,698,733,735,913,559,627,501,603,512,738,670,883,936,779,779,853,656
666,656,556,711,527,949,701,758,786,935,554,956,842,551,655,888,600,862,730,867,876,902,967,693,939,616,522,688,711,832,905,597,874,977,638,679,927,996,826,558,0,661,530,669,976,741,575,889,628,721,702,650,873,537,685,647,823,514,817,947,700,975,898,579,868,720,621,947,916,819,994,627,579,935,683,888,986,626,932,507,524,819,936,715,821,930,809,841,615,810,548,994,530,986,623,852,517,898,589,891,984,573,857,628,871,963,520,713,693,868,868,940,821,678,990,512,996,871,595,631,868,969,951,751,560,909,576,560,522,541
577,532,699,683,775,613,774,966,503,886,999,893,729,775,883,835,877,630,755,915,503,766,965,969,713,780,728,553,952,735,907,694,572,528,706,836,807,525,585,681,547,0,879,893,564,990,899,844,560,800,534,884,694,883,615,806,974,783,553,993,652,801,527,920,517,682,728,985,717,698,928,861,518,947,890,826,625,954,888,774,959,891,844,862,534,511,857,989,829,604,628,569,781,571,566,794,806,933,568,850,972,855,754,773,738,522,666,915,868,925,698,710,944,916,778,704,591,570,557,545,824,727,626,887,645,751,534,909,786,863
606,916,743,612,845,702,978,818,918,649,949,555,502,750,839,525,503,526,637,870,909,516,961,776,799,819,754,935,770,873,760,694,800,934,902,975,809,947,967,780,937,782,0,884,805,513,923,513,768,712,647,613,937,958,691,517,975,503,820,610,941,810,980,791,685,919,526,839,582,824,884,995,592,835,780,843,937,628,925,812,897,911,798,888,991,945,921,856,563,840,761,652,542,860,655,655,877,655,894,990,930,661,862,688,828,594,862,754,558,743,530,996,794,538,972,679,749,564,512,839,548,501,695,829,898,675,943,931,568,687
989,608,944,808,986,727,670,609,947,830,654,521,875,780,940,773,753,858,719,921,774,654,992,919,944,798,659,929,959,904,529,830,996,758,547,624,797,618,721,698,711,673,543,0,548,518,896,562,927,689,735,635,975,627,539,794,535,608,804,806,770,999,608,661,804,901,987,987,787,509,662,944,529,778,866,795,594,706,799,616,986,825,962,841,833,728,907,591,695,698,642,508,894,783,732,526,505,885,842,792,900,690,751,694,983,529,597,694,509,981,864,913,623,811,890,690,520,565,895,542,857,897,809,754,805,962,906,534,894,950
516,946,536,590,826,563,856,701,534,562,741,619,887,696,733,582,839,849,662,888,879,642,656,926,768,775,928,883,714,562,970,727,745,874,546,778,801,930,633,959,807,642,694,539,0,972,918,964,956,1000,835,588,813,656,929,896,812,821,643,535,816,749,933,737,588,516,735,966,671,940,506,860,871,688,723,798,870,516,980,673,717,841,573,695,729,609,717,809,561,655,782,545,952,504,689,891,936,828,861,504,505,504,865,851,510,974,636,595,809,868,924,816,925,585,859,881,738,797,765,556,962,558,629,683,940,998,843,992,508,781
635,884,955,799,808,769,837,787,696,771,662,832,961,892,714,963,630,957,529,778,521,921,794,825,924,859,674,670,708,733,847,863,721,739,747,766,633,842,793,931,618,804,615,981,501,0,543,717,779,877,868,877,634,576,660,768,858,624,630,723,797,697,830,574,736,841,688,613,842,690,646,723,569,816,930,650,662,783,699,609,648,734,600,684,959,587,993,713,576,667,858,627,827,859,659,935,752,605,661,814,640,821,993,1000,671,567,948,941,760,547,800,915,534,763,648,556,552,908,554,502,674,821,989,616,718,584,863,978,790,585
628,607,937,636,759,610,998,961,588,723,818,640,790,927,688,836,513,615,673,883,931,994,705,559,731,692,593,627,801,754,829,976,630,996,842,925,696,921,577,539,847,628,560,513,942,951,0,971,775,747,785,750,543,563,673,992,870,621,779,634,659,826,798,612,784,753,671,870,887,813,890,985,801,557,915,507,856,811,566,823,590,605,554,634,634,596,533,875,771,934,804,642,954,776,580,972,788,912,941,542,741,683,870,623,603,672,513,854,960,844,555,688,695,609,850,554,778,501,698,602,875,929,902,578,527,700,511,670,915,775
874,904,994,945,904,916,984,906,688,678,513,906,843,503,902,942,745,915,876,696,529,708,704,669,507,761,549,711,880,965,519,909,893,809,712,527,831,971,755,953,978,991,599,865,947,846,604,0,514,519,657,618,844,867,857,982,760,899,520,935,929,755,530,647,625,501,790,872,945,533,802,776,622,697,631,608,834,936,770,661,636,552,680,720,913,897,510,964,501,590,767,515,854,579,957,587,901,615,948,940,992,988,593,601,565,591,850,535,928,632,948,743,792,595,830,967,957,753,918,974,777,826,946,612,804,615,887,592,754,674
738,706,672,863,670,921,954,857,827,563,603,933,765,548,869,619,822,844,654,533,914,638,834,987,539,898,880,685,985,793,920,596,536,662,636,827,657,995,636,573,958,625,687,979,925,588,953,984,0,849,631,975,911,846,624,843,858,565,636,747,995,585,838,686,549,814,991,686,754,846,667,704,970,667,962,552,709,641,835,941,826,997,972,957,896,757,802,556,544,817,582,904,738,628,653,640,812,683,795,890,738,765,801,607,916,653,662,573,979,749,511,634,906,816,711,999,938,792,726,679,564,877,677,898,614,849,708,548,686,808
560,529,967,806,998,530,678,564,975,603,673,724,678,595,966,853,836,761,682,639,955,655,715,980,837,610,599,939,554,886,863,742,751,832,876,791,919,611,966,892,542,847,808,638,735,747,858,669,791,0,851,752,754,818,619,880,928,564,751,856,942,524,860,553,786,670,976,807,931,879,819,650,956,646,978,833,787,904,766,841,968,784,749,851,590,891,730,845,771,924,702,825,828,721,526,827,536,555,860,704,602,754,602,862,765,986,857,916,640,772,702,961,716,569,755,920,632,989,828,659,639,993,665,832,870,627,534,664,826,639
696,602,703,546,511,571,968,991,696,756,805,945,502,637,836,618,826,711,754,619,522,620,759,718,931,634,929,783,888,679,932,714,731,883,709,956,567,833,519,925,824,993,993,910,836,993,581,796,1000,738,0,676,748,545,812,683,866,750,570,619,919,504,587,713,790,696,798,575,622,722,824,696,648,528,623,542,698,668,659,604,890,785,747,946,770,764,929,614,919,966,561,959,786,786,973,710,778,957,851,885,855,825,744,849,654,531,811,610,911,816,731,688,689,899,879,608,683,623,697,879,613,833,873,513,977,688,727,920,675,846
952,759,771,748,589,571,905,936,882,771,627,610,909,832,668,893,614,729,906,983,655,985,550,669,678,887,807,888,939,698,542,808,889,961,707,610,627,691,543,941,861,574,826,734,760,962,676,845,843,767,690,0,795,580,913,555,855,572,920,580,653,540,516,555,650,643,826,546,575,677,788,514,975,957,815,890,804,643,639,600,655,573,610,737,564,952,959,841,984,954,787,973,864,582,813,564,932,851,619,708,606,637,938,885,658,751,730,796,513,583,562,767,848,886,573,932,858,532,526,640,848,808,710,794,522,600,727,578,628,520
904,761,846,822,869,551,544,675,535,685,814,628,528,724,918,836,813,733,531,888,528,831,934,799,815,783,529,513,630,605,841,975,831,888,872,621,535,773,970,841,523,806,585,767,700,610,566,945,890,580,887,732,0,560,930,984,559,695,741,879,973,920,871,934,875,788,716,566,969,580,978,750,813,922,659,628,815,832,699,624,695,929,683,914,892,738,730,809,726,804,966,896,784,562,726,503,839,673,861,828,781,766,813,795,854,814,820,980,693,564,922,676,945,751,632,927,975,541,930,613,928,897,968,904,670,837,614,680,856,772
747,719,660,890,921,757,922,778,808,733,727,743,547,793,687,533,896,903,935,911,828,622,607,777,959,883,815,815,948,852,885,831,763,692,872,777,954,812,622,624,814,938,892,573,587,560,794,778,594,615,578,555,927,0,531,764,609,955,983,833,843,800,715,610,754,840,762,516,764,523,887,679,982,785,741,523,760,950,969,504,795,977,790,947,932,626,796,692,539,879,513,992,617,693,962,885,516,897,753,964,909,844,978,785,911,606,902,828,985,829,743,744,524,543,530,826,750,529,828,911,822,559,826,662,792,590,570,947,800,739
847,744,648,621,983,801,651,874,584,989,886,951,973,548,757,507,840,696,995,957,879,786,988,537,918,975,593,943,813,603,808,879,622,741,945,589,819,601,705,701,574,772,788,964,847,982,924,707,839,828,979,592,532,701,0,995,865,831,948,593,791,678,698,975,736,610,965,876,733,573,532,841,735,710,722,903,879,625,908,617,721,757,722,505,694,550,838,759,820,893,988,772,932,508,578,822,924,768,579,999,797,623,542,688,510,598,919,696,913,574,544,854,762,784,943,658,604,749,844,792,514,592,546,603,994,948,512,858,501,900
857,866,913,670,598,777,920,502,816,662,618,942,623,677,815,977,566,906,826,723,873,699,758,625,660,599,561,869,515,661,857,956,576,774,810,652,516,783,564,748,551,508,995,855,885,983,810,669,719,991,756,919,717,727,940,0,570,664,548,654,555,948,962,651,715,913,546,520,567,522,618,933,967,834,870,957,528,810,757,956,733,548,614,794,623,761,524,803,721,592,695,706,556,579,865,966,955,863,507,741,972,952,838,914,607,630,899,907,699,839,742,705,639,602,951,825,791,829,556,667,757,569,571,941,891,554,691,649,681,595
908,798,909,668,556,820,721,776,566,879,500,888,930,543,675,569,644,503,872,598,657,804,530,671,575,791,890,513,646,710,981,968,789,691,505,910,684,539,760,544,682,563,986,920,565,866,781,755,900,833,972,876,528,739,592,864,0,704,834,736,510,929,646,735,522,932,843,556,711,730,878,595,887,664,664,534,968,835,598,857,752,837,651,613,947,761,699,505,695,644,956,645,645,848,671,537,804,553,959,624,705,815,932,981,649,905,997,973,538,876,973,963,565,555,920,897,771,925,810,841,748,589,946,803,990,778,752,909,662,599
840,776,811,982,984,646,763,522,897,619,754,681,955,550,527,538,743,959,934,552,587,512,799,534,943,912,560,792,791,772,952,631,929,810,753,684,797,923,855,768,733,995,671,709,796,987,658,856,539,669,949,728,896,546,887,991,541,0,951,732,891,942,855,725,619,668,833,642,838,537,875,910,825,765,923,681,950,534,804,594,680,540,908,807,805,862,879,984,788,996,836,703,859,622,882,975,759,932,931,839,777,602,606,733,946,733,722,587,577,841,641,851,989,722,979,905,586,770,969,556,683,581,966,577,704,909,873,988,650,825
506,528,987,623,654,537,822,844,859,682,538,948,671,744,744,509,909,906,713,973,679,763,680,834,669,992,640,789,994,887,546,708,592,723,544,998,957,635,635,684,701,986,897,787,726,904,675,833,525,959,865,560,861,679,686,661,855,850,0,637,741,813,653,586,806,706,729,512,780,859,516,979,694,784,922,680,964,978,967,769,728,979,922,514,692,892,559,609,507,820,652,721,937,919,632,602,838,526,523,843,716,556,553,595,865,628,584,838,874,628,756,531,501,646,969,708,680,506,612,865,689,836,669,699,733,877,597,542,961,996
613,560,685,586,783,541,814,835,557,866,771,534,632,974,904,906,792,905,661,641,611,756,544,598,660,619,610,873,614,831,522,693,886,619,936,829,699,964,723,987,718,757,799,889,638,594,574,971,882,759,796,933,775,751,791,571,854,921,875,0,702,535,949,963,935,872,547,676,748,653,851,934,646,896,928,903,771,527,727,817,933,814,578,531,776,960,728,987,683,933,663,801,835,860,746,915,556,557,924,536,826,537,535,787,627,557,960,800,979,550,658,688,841,506,827,604,738,631,732,843,780,878,940,683,938,655,996,925,745,806
800,835,787,686,690,928,645,906,523,823,665,582,738,592,705,660,689,833,742,655,755,899,985,864,996,503,891,906,862,635,704,639,736,512,934,811,809,502,890,1000,572,726,686,679,918,802,830,993,640,915,816,563,832,686,838,895,952,527,525,742,0,951,839,968,622,523,526,763,964,918,756,784,892,783,849,541,726,860,720,612,984,566,947,526,571,995,584,862,757,533,626,933,974,545,756,595,676,839,774,534,804,854,838,598,595,781,916,507,769,569,585,515,854,513,572,856,662,886,670,548,687,817,932,889,933,856,766,714,945,947
842,756,557,751,934,669,622,524,602,558,731,501,837,590,709,501,581,507,872,685,747,627,847,691,634,659,933,587,882,908,801,850,847,702,529,818,548,615,741,830,576,814,876,993,591,615,837,792,818,571,546,982,667,662,669,981,878,935,527,709,823,0,949,565,859,787,603,527,884,946,550,533,959,536,544,646,666,761,855,660,581,783,605,631,989,609,914,530,762,548,843,955,507,809,917,628,903,564,742,617,850,563,972,985,824,627,655,829,584,588,707,897,619,517,552,757,972,812,672,695,835,971,590,826,558,636,565,586,955,728
986,593,559,756,762,551,700,629,705,674,569,546,666,812,636,788,966,745,578,508,859,851,602,817,555,589,802,779,579,506,945,614,953,725,824,705,501,613,567,726,769,582,549,977,832,726,788,753,504,748,975,823,720,887,521,838,602,776,769,774,974,967,0,700,839,548,663,984,597,567,858,740,503,716,655,612,635,977,685,708,901,686,531,774,829,706,501,931,673,683,691,549,592,567,723,602,919,865,797,554,789,826,962,637,636,506,721,575,831,922,889,590,971,742,818,770,588,731,906,628,790,875,505,923,606,917,636,577,546,742
650,769,641,820,716,522,978,650,784,879,505,928,915,976,606,867,613,608,726,897,553,606,549,679,847,602,513,644,737,523,651,512,850,872,547,990,916,641,918,608,586,928,571,881,734,586,776,775,893,979,800,656,710,680,630,691,562,688,642,892,722,980,741,0,725,998,730,798,806,879,921,607,568,516,770,683,766,778,529,948,841,961,697,976,602,808,786,770,693,669,647,820,740,626,906,888,811,672,739,719,586,764,532,641,878,829,671,749,888,552,990,632,842,524,631,839,903,586,850,541,988,926,513,602,891,781,809,988,842,809
952,743,909,964,872,967,866,942,673,513,926,547,864,841,983,531,644,744,743,753,735,897,900,730,550,929,731,906,693,968,759,717,575,876,881,786,643,610,585,822,1000,922,663,546,933,851,555,732,605,705,704,687,929,994,583,744,899,505,768,602,881,988,705,591,0,641,559,680,621,859,789,826,706,939,834,969,559,706,554,769,714,753,821,907,1000,754,893,518,527,552,962,611,772,975,524,519,519,576,956,735,664,771,939,701,674,545,625,878,678,716,675,676,997,932,583,572,593,865,892,997,731,807,728,816,844,620,767,979,891,734
537,680,707,664,697,586,613,732,677,977,809,955,821,876,808,804,931,985,933,782,844,514,634,524,934,739,651,882,685,841,780,684,720,888,763,627,928,510,563,513,585,609,546,764,594,683,830,946,760,584,821,723,715,793,689,969,899,544,829,984,733,863,533,510,875,0,922,512,701,892,888,912,894,757,561,749,801,802,575,951,917,953,636,673,676,950,677,926,897,535,589,914,570,696,823,813,829,775,853,935,786,542,784,972,607,547,607,782,952,828,880,925,704,813,839,884,599,988,705,696,656,658,721,927,557,880,654,709,857,898
804,781,660,662,772,749,675,743,512,1000,760,746,914,993,875,527,963,872,561,806,711,593,854,998,594,543,759,846,858,828,690,673,599,699,999,843,705,817,505,752,683,805,642,935,671,795,636,599,625,917,842,689,959,948,625,781,654,549,944,917,593,819,513,672,644,603,0,566,761,764,957,620,607,867,716,660,975,984,648,674,516,569,923,814,542,607,554,875,926,995,582,805,847,843,962,611,918,674,803,705,946,695,842,534,846,620,804,580,977,732,525,534,907,639,991,751,882,932,681,785,512,698,847,613,936,580,626,844,981,857
638,522,595,728,928,822,543,763,934,743,657,725,832,608,646,707,935,957,726,801,999,661,593,741,616,834,502,723,550,868,973,864,681,672,873,999,933,952,917,762,832,588,823,664,590,959,662,616,845,781,654,607,952,791,928,973,970,854,519,981,729,817,607,673,627,700,770,0,528,534,766,848,931,945,610,767,772,795,958,978,518,964,569,759,939,605,854,506,691,947,786,581,613,971,679,525,871,540,605,877,839,816,966,518,865,535,982,767,802,963,618,667,952,636,705,680,813,673,786,722,767,779,931,762,604,745,561,930,513,518
527,832,944,690,972,534,974,967,732,912,561,952,803,825,847,818,625,812,877,704,718,764,887,907,910,782,557,699,703,662,856,850,511,724,875,685,816,924,797,744,980,968,880,889,752,859,609,922,718,610,889,551,720,544,943,776,508,912,782,530,633,760,907,645,861,764,616,975,0,982,579,759,674,713,545,544,783,941,844,750,701,545,561,704,943,738,532,725,836,940,541,580,958,529,873,899,708,684,604,870,537,766,768,793,591,944,794,827,792,509,864,995,622,604,558,797,614,788,952,982,836,669,547,827,863,540,668,500,514,727
731,823,870,603,513,521,835,971,819,787,752,767,682,742,853,790,995,603,539,902,705,665,776,919,970,892,610,631,907,729,565,654,840,928,951,581,670,506,839,621,764,617,716,684,515,963,597,620,944,535,601,552,997,784,753,524,930,538,541,903,908,753,979,740,729,920,704,557,793,0,864,737,727,647,812,996,783,524,885,630,928,648,763,979,736,739,692,834,502,665,574,723,693,634,700,779,647,671,630,653,644,957,999,676,759,850,750,703,610,681,575,867,924,636,566,685,534,821,846,716,714,816,707,726,987,822,1000,576,797,699
807,757,685,505,660,813,864,840,816,571,821,579,854,898,862,836,626,943,704,710,796,550,545,675,515,811,717,658,980,954,836,658,893,521,583,973,594,537,999,868,873,632,947,756,737,802,624,722,641,786,765,980,951,733,930,566,651,641,514,875,569,753,874,845,625,863,706,878,874,752,0,831,865,683,719,638,566,677,547,913,885,517,938,591,549,679,756,953,848,648,714,596,524,825,973,697,814,968,628,628,901,879,953,761,812,788,573,544,512,634,920,665,712,703,646,898,655,815,862,940,914,527,851,833,931,542,649,793,853,786
623,522,904,855,953,836,813,775,648,682,576,801,984,877,550,676,516,645,664,586,541,774,737,740,668,991,701,788,871,850,712,533,670,748,942,630,843,871,545,739,787,652,583,820,937,588,911,535,879,965,796,952,540,842,785,514,608,864,577,965,560,727,939,688,951,887,900,673,845,821,762,0,533,943,689,852,926,976,880,643,768,883,602,887,559,669,599,842,817,637,628,988,592,925,660,500,851,908,992,966,636,786,798,803,635,936,878,569,552,862,622,630,920,816,960,882,749,925,804,982,645,886,752,791,795,583,579,980,958,673
761,509,845,503,565,920,546,902,961,663,871,705,882,891,774,570,576,944,716,916,598,958,644,578,674,821,951,982,979,906,563,933,577,815,554,850,551,547,918,503,579,838,891,609,980,587,972,841,985,595,519,592,761,560,572,570,948,541,794,543,719,823,660,831,637,914,798,846,824,607,609,791,0,817,572,813,816,644,861,716,548,872,669,542,649,844,886,608,957,931,511,830,739,538,947,898,969,852,565,651,529,788,681,709,617,836,830,701,868,755,990,676,956,830,633,997,697,630,750,833,909,986,744,544,555,627,824,560,927,690
798,567,891,544,896,590,957,648,530,796,691,877,610,587,728,536,827,827,917,504,528,772,844,715,586,529,763,931,895,629,694,504,890,532,711,594,722,660,672,520,994,761,919,732,677,709,711,576,623,543,901,819,789,845,628,645,584,770,534,555,967,811,781,888,690,631,870,923,830,533,542,737,995,0,765,811,849,693,580,550,845,797,818,693,804,862,955,818,738,889,620,871,549,700,526,949,998,584,825,781,591,714,675,599,760,661,518,868,988,578,837,573,771,883,914,509,549,524,847,791,502,654,851,516,854,784,597,811,568,754
612,686,583,599,509,919,968,626,548,922,658,797,815,777,632,733,515,917,701,923,656,636,782,970,634,894,799,937,989,613,609,645,847,918,584,976,807,530,753,523,799,760,627,671,671,809,611,921,525,830,641,540,561,942,938,882,954,673,503,929,526,511,779,902,721,526,578,521,663,777,701,717,797,932,0,913,895,833,844,661,925,929,954,749,567,814,781,580,875,788,788,915,859,673,692,809,506,822,749,802,998,522,850,718,645,757,547,626,800,525,923,810,775,660,926,812,511,870,578,889,538,937,680,946,967,788,915,791,549,885
988,779,561,642,694,672,523,816,550,803,532,581,889,861,712,735,548,884,556,747,548,779,664,587,908,960,658,556,968,915,778,560,885,800,929,532,677,869,689,958,954,829,561,709,740,953,953,631,513,508,693,595,863,859,550,968,902,786,568,695,822,887,698,956,736,606,507,599,698,737,983,797,542,980,687,0,924,861,792,590,718,621,741,582,647,877,573,578,799,645,662,938,905,555,892,949,539,826,530,769,609,848,817,712,801,920,540,601,844,503,600,622,762,548,847,888,980,726,686,678,936,649,731,533,595,906,521,681,995,982
559,980,715,910,686,848,920,705,574,862,856,938,829,999,950,505,989,713,892,934,922,797,854,798,895,746,725,568,825,558,509,986,983,690,773,776,661,617,791,784,574,690,768,865,506,762,785,600,969,769,868,675,892,728,797,985,603,855,579,812,621,752,688,640,520,869,995,938,891,694,512,993,653,873,842,622,0,716,979,830,919,786,845,759,784,530,714,992,632,657,896,547,805,702,842,637,717,504,544,527,605,521,881,561,751,715,794,691,710,932,942,584,800,508,715,640,865,529,754,994,585,962,868,823,850,612,986,561,948,598
539,818,608,807,899,606,637,534,790,691,685,746,790,639,900,697,821,912,979,814,770,553,896,597,638,831,808,951,837,885,915,668,549,722,784,524,772,638,907,665,953,884,503,762,842,667,835,627,960,807,550,742,821,626,826,905,806,904,810,953,815,975,647,750,598,796,594,912,909,557,987,958,857,672,584,845,620,0,549,591,882,701,579,934,665,557,963,744,922,512,563,620,542,586,505,891,663,733,580,974,920,652,629,780,529,598,925,631,847,770,815,895,791,610,645,778,766,582,725,987,989,770,854,717,845,865,674,658,674,870
859,982,621,607,915,511,950,845,601,517,952,638,734,863,843,688,905,927,790,828,856,524,966,931,547,778,754,848,669,631,513,683,628,970,529,992,755,548,554,737,766,669,566,561,735,833,647,733,595,799,606,811,931,760,762,888,585,598,501,962,834,906,516,788,661,741,864,770,884,805,727,737,650,517,524,664,574,660,0,681,529,578,786,941,851,614,740,677,988,741,521,526,838,595,974,942,812,860,552,795,870,710,809,953,565,757,861,960,838,712,716,610,597,715,606,515,845,524,718,974,855,536,954,747,682,826,627,545,510,662
718,809,606,707,593,628,897,850,819,851,938,876,965,740,771,924,545,722,971,941,965,593,863,578,641,726,692,742,672,634,764,743,694,948,813,754,827,649,613,524,840,634,616,552,937,928,597,688,785,642,615,832,703,992,767,726,628,953,524,501,757,890,663,969,512,736,541,829,708,544,757,771,573,993,942,658,505,674,703,0,709,746,991,681,609,769,900,605,662,807,662,779,984,631,870,968,909,589,669,920,890,980,951,849,866,503,813,624,998,619,792,628,907,894,641,986,812,660,673,608,696,559,917,765,907,819,630,636,824,814
902,536,978,765,895,784,772,632,955,900,697,543,646,596,669,839,936,761,893,545,576,891,882,872,929,665,535,554,763,633,901,607,776,697,530,849,867,864,547,736,922,948,837,869,627,698,990,721,573,537,889,943,676,876,580,799,665,700,828,579,669,886,985,556,652,942,559,820,725,645,651,564,596,748,606,657,672,744,568,574,0,858,787,513,618,751,849,781,922,608,701,775,826,586,624,639,721,824,530,908,902,948,745,753,686,795,644,612,798,808,801,822,809,787,529,556,628,971,953,652,825,640,522,667,790,693,572,724,501,912
861,985,913,858,695,832,732,598,545,576,601,731,795,779,945,899,509,513,505,755,860,637,824,565,609,918,694,928,782,571,840,791,922,561,847,730,569,721,599,685,856,533,754,619,856,648,999,788,576,966,632,587,739,851,701,667,738,831,751,780,915,831,912,560,539,790,873,679,640,730,982,595,578,608,506,843,994,527,809,561,530,0,964,718,963,799,564,745,634,853,750,505,830,543,721,836,988,962,740,590,881,559,903,888,663,566,688,542,922,900,543,841,626,888,540,665,609,877,850,614,978,568,561,622,593,640,597,750,500,512
772,612,970,801,714,635,517,813,707,617,555,644,695,769,570,724,973,709,956,873,824,605,902,702,628,917,971,942,700,949,760,514,873,659,790,938,592,926,502,896,548,739,514,526,590,999,523,788,955,898,987,962,578,564,993,624,978,941,935,663,518,597,903,681,523,912,923,841,546,864,928,501,776,839,621,705,878,702,598,866,758,545,0,714,533,854,790,839,712,512,659,905,865,870,521,869,784,816,656,775,909,568,562,957,531,620,901,728,539,563,862,882,730,729,546,587,939,852,784,996,512,712,521,663,886,963,655,574,793,584
981,893,846,675,622,732,533,545,582,535,881,785,834,904,798,793,555,930,873,950,922,885,635,890,599,821,552,587,802,932,765,692,591,740,847,836,781,935,581,847,598,956,540,585,987,637,967,849,709,983,740,558,603,933,921,659,679,653,664,965,911,720,995,883,882,751,732,716,664,815,551,521,581,711,980,696,748,928,820,771,506,877,774,0,676,711,782,898,745,826,848,840,886,856,855,665,955,751,649,999,849,763,897,831,872,910,992,866,994,766,519,701,648,632,536,517,949,930,714,753,988,896,562,966,581,898,796,814,611,958
573,882,867,809,651,803,510,555,698,861,559,780,802,546,538,661,917,763,677,941,786,635,801,809,590,617,805,544,845,867,857,978,808,579,702,626,923,733,739,540,545,959,727,737,987,978,786,766,633,811,573,735,649,720,778,904,545,580,821,634,609,631,902,809,987,818,794,525,903,678,508,645,810,957,737,549,970,935,700,639,732,647,801,946,0,951,720,907,866,659,842,649,773,676,658,840,568,845,531,959,857,964,967,546,598,665,781,766,725,622,796,865,587,774,978,845,737,534,628,939,822,672,538,709,601,840,741,848,841,920
759,521,629,681,970,805,841,911,502,578,804,507,790,917,901,710,675,848,651,943,708,509,511,955,529,575,932,723,969,505,922,819,774,946,643,685,572,878,801,536,1000,817,836,825,601,661,703,988,914,507,735,916,867,516,857,856,889,649,685,695,864,869,754,833,825,608,901,598,535,610,565,899,824,956,529,577,854,852,853,659,673,519,529,960,717,0,613,743,647,975,859,888,650,892,612,770,618,522,980,808,820,737,552,873,979,608,671,529,874,636,537,787,881,718,652,842,574,895,860,996,782,734,528,701,755,915,595,953,807,844
539,967,595,886,506,849,922,525,625,714,691,550,770,952,922,582,800,600,953,521,509,513,729,752,846,800,811,670,632,720,502,871,813,993,729,573,501,729,563,603,833,928,538,521,895,753,632,726,747,535,577,591,795,706,874,992,544,614,651,780,981,925,767,540,616,572,793,708,939,936,766,875,817,734,849,868,583,799,799,908,846,714,870,958,785,505,0,560,932,839,813,759,726,938,616,929,838,652,564,587,549,905,847,518,675,963,765,798,832,719,666,526,528,969,957,865,873,851,572,701,898,937,536,510,780,645,518,756,951,950
519,900,888,588,576,848,584,707,626,911,971,656,928,619,803,898,670,948,779,707,665,802,908,636,765,827,886,946,896,879,502,946,842,727,843,953,675,820,800,826,978,698,654,769,734,867,756,866,542,731,555,545,534,889,506,927,646,896,612,758,625,799,617,887,916,538,628,982,821,533,654,947,569,537,865,732,686,589,553,502,809,629,578,859,833,631,814,0,529,793,855,513,533,656,501,785,830,695,784,675,643,724,559,961,851,702,916,736,839,745,937,701,911,950,554,652,666,835,532,587,966,984,843,660,901,731,936,919,875,948
682,545,722,772,504,524,977,852,947,985,700,937,731,625,991,890,518,949,593,950,939,770,715,826,627,661,963,945,781,832,544,940,521,622,594,696,556,559,805,542,925,702,730,908,832,698,894,537,831,787,626,567,891,673,732,567,591,996,909,861,977,833,537,704,826,952,747,656,861,755,897,713,647,622,844,538,720,614,669,868,686,719,730,914,823,618,682,845,0,660,877,681,539,997,752,664,953,596,624,952,643,564,515,699,736,1000,909,852,949,830,569,753,599,813,821,863,749,690,929,689,727,662,962,748,562,664,794,632,584,631
618,526,703,706,627,725,645,603,745,512,654,569,549,950,919,656,773,925,758,742,542,519,802,529,712,547,720,941,969,815,730,649,577,958,922,666,902,905,654,714,626,824,546,820,766,611,820,846,909,752,520,892,792,645,866,803,625,702,764,699,788,807,730,759,802,971,757,695,715,745,872,634,779,733,916,838,583,775,805,999,506,636,782,523,655,767,941,541,656,0,522,576,963,595,751,583,548,929,746,809,640,641,736,676,883,823,633,643,564,874,705,748,796,511,869,785,807,978,878,816,711,782,902,974,910,554,789,762,521,834
502,790,958,880,509,673,572,821,642,520,976,729,680,739,961,951,686,591,630,758,855,715,649,660,890,562,749,953,666,950,882,831,718,686,652,639,786,970,931,594,968,522,791,554,716,635,639,670,712,622,709,982,880,844,782,799,549,775,802,949,535,817,744,705,664,809,906,986,987,930,1000,649,714,964,682,951,630,614,920,524,509,825,829,911,788,822,878,526,520,811,0,590,874,550,673,881,690,738,609,880,861,929,770,634,560,930,527,915,565,870,847,507,714,910,983,700,742,784,654,811,525,638,856,815,992,851,690,925,721,817
855,670,986,861,688,839,766,768,906,829,994,614,916,757,543,855,862,894,733,882,782,761,860,984,517,955,524,937,767,543,764,657,936,596,767,635,652,692,668,592,602,969,715,569,576,550,789,903,864,928,580,782,888,628,902,848,713,730,935,541,829,584,901,633,853,788,937,675,514,763,682,780,601,999,857,977,730,804,826,562,589,628,932,666,550,800,605,992,781,750,517,0,757,534,794,887,805,767,558,921,578,763,801,980,593,978,876,595,733,577,603,606,839,709,764,733,799,810,501,944,764,517,889,813,882,523,682,825,698,946
520,830,602,544,596,600,971,851,557,694,895,568,649,574,620,779,879,695,620,828,701,996,905,924,1000,525,989,820,882,619,639,626,540,872,798,596,717,819,831,955,512,562,976,616,571,773,642,837,910,781,950,666,894,709,652,752,627,844,817,834,790,709,938,501,666,533,829,552,892,576,971,520,681,503,692,702,552,773,817,769,818,738,681,778,845,908,655,677,874,580,558,616,0,797,610,654,771,818,813,686,925,582,894,664,833,835,712,947,857,910,759,855,889,824,655,756,901,682,768,761,674,561,855,857,703,853,872,560,556,744
821,912,703,807,805,896,565,894,655,611,826,787,788,765,740,816,670,835,984,887,547,960,788,628,807,888,890,611,642,583,553,844,875,782,685,992,612,616,802,529,598,596,877,772,925,558,817,506,977,890,595,646,753,618,805,641,965,682,649,574,546,978,621,669,953,993,913,641,926,616,797,605,566,946,509,997,895,686,890,701,778,935,813,846,848,972,642,971,833,852,766,506,908,0,945,783,984,880,504,524,563,575,631,506,541,843,796,863,625,990,562,723,729,627,795,640,999,649,544,510,867,652,605,940,758,863,541,767,852,919
656,677,539,567,713,627,956,612,892,533,748,702,761,912,941,761,778,946,575,665,584,661,979,974,610,673,829,816,751,718,892,727,642,901,576,553,781,882,699,716,529,938,596,945,744,621,975,776,575,949,648,928,665,845,531,855,800,768,557,570,746,746,894,562,815,764,598,887,900,698,608,762,515,774,707,731,596,720,848,748,577,598,994,738,515,998,840,970,774,554,580,834,526,981,0,821,607,597,732,813,965,521,978,994,740,502,821,966,730,594,529,897,754,609,592,782,693,573,676,635,709,625,741,707,918,564,704,543,526,999
807,964,696,808,555,798,669,850,882,943,887,645,939,581,654,963,623,641,584,536,762,805,861,842,583,678,577,655,857,908,658,835,858,867,644,536,537,703,846,811,537,847,638,789,953,800,904,906,971,785,902,871,772,580,562,829,856,629,988,929,659,735,670,733,621,936,687,696,577,876,892,642,635,755,879,958,901,695,708,951,726,574,690,576,838,696,724,979,511,830,960,574,666,985,805,0,534,978,530,793,782,624,510,868,729,633,836,600,562,545,847,876,678,762,817,665,540,532,835,948,701,943,635,798,885,760,883,563,742,690
709,851,709,896,976,779,574,838,564,680,673,773,683,725,822,989,982,669,913,608,964,658,786,520,979,821,777,800,805,582,590,659,586,906,870,783,648,930,631,618,943,675,919,940,654,806,854,789,712,633,947,582,757,798,825,505,790,880,757,989,547,838,626,864,851,512,731,514,960,641,562,611,685,580,943,750,776,695,676,585,860,617,583,756,936,821,582,731,691,728,691,850,667,788,603,673,0,739,709,960,926,999,731,845,827,907,838,546,645,732,891,690,611,700,715,571,804,947,524,923,635,634,901,545,798,657,976,846,949,669
676,633,635,858,707,741,736,680,650,812,934,523,806,811,974,973,692,607,740,661,821,694,901,879,660,881,651,932,904,532,803,905,956,683,757,833,762,608,606,942,881,672,893,939,930,542,789,544,813,589,704,712,846,551,599,766,695,801,517,868,747,773,589,562,826,905,540,809,871,648,960,750,982,892,853,619,977,869,723,537,834,877,730,619,676,890,665,607,684,891,765,986,571,999,638,770,518,0,808,935,711,952,648,676,862,877,719,965,863,669,770,592,961,977,934,662,590,998,864,735,762,877,840,570,642,533,609,678,714,734
965,625,663,501,850,810,879,675,978,645,707,709,755,862,855,532,508,888,571,552,789,994,515,627,768,673,933,587,990,948,552,630,992,560,812,669,572,755,845,972,694,594,832,646,829,519,628,826,723,612,804,619,860,748,980,647,650,612,617,764,595,758,622,773,950,686,945,720,649,631,527,596,507,512,763,530,972,749,849,786,927,911,677,659,827,874,652,586,668,969,570,558,570,802,966,660,976,714,0,805,744,574,644,515,638,864,728,799,991,754,535,978,548,631,784,521,768,765,975,732,581,592,874,854,886,790,581,926,786,621
825,972,850,734,866,839,885,881,659,783,521,751,660,607,590,880,919,944,587,830,848,514,726,596,811,925,842,947,917,849,674,651,664,653,785,778,821,817,625,559,692,703,528,973,650,522,636,535,579,559,518,993,622,504,517,859,868,939,566,515,875,846,513,811,666,677,696,889,585,839,810,662,664,669,803,668,884,709,848,738,967,888,623,694,603,910,948,528,734,951,516,748,812,976,752,875,635,757,561,0,690,937,974,718,617,683,967,602,694,799,965,893,987,842,792,889,547,585,591,512,803,909,974,920,535,936,920,884,576,503
681,616,621,781,726,519,794,637,967,553,866,560,804,676,747,723,741,550,667,520,594,988,670,649,554,819,808,568,623,643,700,911,691,675,815,684,757,624,644,814,581,818,637,901,762,522,556,724,519,663,627,848,687,899,633,900,696,746,844,850,547,722,918,871,548,686,663,598,831,860,816,887,912,707,699,873,812,637,930,929,998,731,544,841,674,951,696,780,669,523,813,904,954,958,844,659,543,909,509,618,0,816,664,921,895,548,698,668,505,989,584,813,880,771,987,914,939,618,563,800,569,982,834,991,686,954,799,948,790,620
650,976,571,848,746,870,788,683,730,616,972,813,938,740,697,819,982,620,945,639,642,859,822,975,983,513,660,576,804,795,735,610,836,548,660,578,820,580,682,969,846,691,922,611,617,965,807,923,504,656,731,519,546,747,681,867,787,512,874,959,582,653,650,687,771,849,642,894,850,786,994,781,551,504,639,648,946,635,896,648,983,855,916,527,588,647,726,540,726,672,905,502,563,863,636,674,609,535,673,948,502,0,969,508,802,810,989,956,955,786,980,575,802,695,696,700,786,629,867,891,735,817,904,868,877,656,621,910,962,902
990,658,645,585,680,554,509,503,914,833,876,846,900,801,798,792,846,838,861,657,842,832,700,910,604,990,858,656,863,747,892,887,906,710,853,603,528,841,536,618,935,841,645,633,829,937,760,904,719,510,738,583,716,792,961,558,814,561,543,876,947,557,914,569,812,553,899,968,744,803,698,829,651,810,901,855,764,610,929,929,745,546,543,652,882,714,811,506,923,545,673,720,785,724,998,665,678,902,763,868,885,894,0,954,737,834,985,612,535,965,501,905,933,547,606,997,563,559,996,640,895,668,692,981,620,650,565,535,553,738
627,883,837,581,962,948,951,772,943,894,795,659,625,512,870,875,960,644,808,802,716,987,776,922,745,846,520,750,990,678,563,809,875,985,814,846,963,909,623,751,523,580,529,868,902,570,722,660,843,509,996,933,624,715,687,567,683,891,884,958,602,734,911,626,596,533,858,688,897,575,667,662,676,943,547,781,888,539,731,797,693,897,832,959,824,632,829,627,558,581,937,722,682,985,881,967,581,780,839,622,847,824,570,0,556,643,991,604,590,520,720,947,654,506,851,902,875,687,980,890,627,774,732,504,965,851,832,877,823,867
956,678,847,676,901,672,521,734,827,559,969,756,587,537,571,924,916,800,790,970,996,913,848,717,652,784,638,896,703,663,521,827,735,900,887,790,806,881,633,658,852,881,940,629,810,758,993,627,716,705,533,710,813,516,884,549,907,556,842,821,511,902,574,584,530,850,907,967,507,744,653,749,690,825,870,661,945,568,673,985,771,688,523,778,943,786,600,798,535,832,671,970,850,933,587,952,525,606,802,648,808,978,551,731,0,658,578,517,626,691,565,758,928,833,630,686,978,575,565,885,902,636,671,828,895,863,866,636,731,758
921,914,587,570,995,719,942,663,840,501,565,615,827,595,861,739,679,585,585,501,550,619,703,511,844,518,895,563,921,731,985,916,564,988,803,769,858,718,745,641,881,558,553,594,822,538,573,523,948,768,513,947,529,702,961,514,642,806,680,671,966,723,957,703,984,733,993,593,717,625,639,906,881,773,957,649,614,517,896,817,667,669,587,563,682,724,525,718,971,599,658,589,915,988,639,758,891,652,770,823,852,726,888,789,973,0,723,566,970,854,988,766,519,861,710,762,889,667,576,711,692,941,814,986,889,794,857,736,942,889
827,506,745,699,585,637,743,724,877,896,861,762,838,535,642,559,863,726,733,905,619,597,616,521,711,797,710,798,762,808,752,730,936,955,581,612,652,810,731,834,521,956,962,844,761,801,625,617,607,900,502,701,991,996,509,667,991,721,904,550,832,660,888,599,944,750,750,923,838,688,929,850,836,829,649,593,900,758,512,532,579,995,687,708,853,544,591,846,874,723,698,987,877,994,869,563,778,734,843,981,719,663,782,563,581,863,0,895,728,616,799,940,996,990,981,972,698,892,534,668,658,536,526,941,531,527,668,828,944,518
656,527,701,643,689,900,592,671,806,524,543,600,935,618,650,626,780,926,846,705,961,882,719,654,521,630,759,991,711,742,524,978,686,691,519,554,501,933,786,634,546,646,975,951,822,983,915,912,685,898,942,667,953,879,512,841,521,667,853,637,876,792,680,753,635,994,732,835,523,870,654,897,911,817,980,926,817,594,741,622,998,604,964,975,539,689,568,625,569,553,933,727,996,607,651,752,907,847,732,942,513,565,770,869,796,983,841,0,728,650,656,797,725,650,715,843,705,985,999,800,907,679,947,543,857,956,755,647,610,554
736,847,683,508,781,729,794,984,671,849,817,989,767,740,575,534,827,1000,888,577,992,923,985,829,673,879,696,750,888,875,554,807,790,536,696,831,916,917,706,546,912,889,798,593,758,524,961,645,761,690,979,919,814,821,951,676,714,546,705,538,522,642,754,690,769,511,669,809,981,641,534,788,830,735,840,581,893,984,997,762,803,674,822,605,811,584,660,785,503,872,529,511,711,915,925,676,874,792,674,855,860,875,982,720,524,721,564,716,0,723,503,553,572,729,713,868,905,568,668,610,801,699,766,501,583,930,989,632,635,912
734,522,514,858,959,743,918,697,545,899,533,608,1000,580,510,645,904,582,598,894,735,996,698,885,966,981,848,688,569,812,912,920,825,507,983,593,576,645,765,529,810,673,956,774,712,793,891,730,596,764,968,950,825,679,610,803,634,564,791,955,990,862,892,881,877,644,887,852,649,610,647,599,838,721,854,618,568,534,816,806,948,569,673,889,603,786,782,843,726,502,777,762,782,819,588,876,773,909,921,669,694,708,972,804,566,866,882,807,698,0,713,713,567,793,949,629,939,835,788,909,653,690,748,908,678,611,844,502,850,921
861,847,933,902,978,556,878,574,770,769,937,916,839,804,517,875,609,855,905,732,530,923,779,663,724,954,613,556,830,870,896,935,557,952,789,546,731,784,615,950,829,701,822,694,780,950,813,890,544,516,777,777,736,820,920,596,806,731,726,862,547,608,653,850,943,817,890,883,624,932,570,738,946,565,593,771,948,535,924,559,725,828,533,658,965,553,845,805,669,832,859,628,820,859,818,705,525,540,565,547,880,960,989,826,587,587,693,943,584,960,0,739,700,773,855,955,603,588,777,747,569,618,558,845,806,782,538,680,892,986
849,564,547,842,573,741,797,761,770,893,760,643,734,931,594,595,628,639,864,908,893,520,838,714,569,892,989,551,916,593,708,783,977,849,505,569,972,650,697,845,673,699,871,514,636,774,612,809,940,571,789,513,821,861,888,510,845,541,679,856,506,906,717,827,889,708,959,649,793,861,988,863,955,826,643,524,760,550,536,692,582,501,749,917,643,648,708,665,540,954,516,904,816,719,741,778,728,839,943,602,594,823,949,604,871,632,631,634,840,681,727,0,548,573,942,648,895,901,867,601,512,683,969,915,807,775,678,563,839,829
821,968,887,626,935,624,882,864,717,823,565,727,624,904,536,820,895,754,565,780,508,505,820,671,833,626,894,957,507,875,772,656,782,798,638,1000,882,744,648,660,610,588,574,893,742,618,946,663,963,795,595,585,857,831,730,752,733,790,943,786,782,669,779,689,845,662,764,815,802,551,536,550,849,937,962,521,678,769,882,919,827,848,879,757,715,799,708,649,621,675,776,927,639,671,814,687,858,646,636,583,786,896,615,952,799,898,776,595,603,962,650,790,0,505,764,878,962,894,923,979,777,565,665,685,789,869,537,800,994,848
580,956,504,897,654,678,656,511,516,740,769,571,761,874,819,875,553,670,556,867,750,745,810,759,837,503,523,516,809,569,757,884,872,726,702,938,630,928,943,834,634,722,505,731,928,655,953,581,999,996,534,733,763,845,656,573,972,968,708,634,693,926,979,887,742,827,707,668,721,793,509,940,539,946,719,847,566,511,896,762,809,859,509,774,744,565,580,837,704,806,791,509,959,691,818,504,875,833,920,502,806,756,533,917,588,958,896,587,795,708,972,573,644,0,675,538,674,582,675,897,618,884,796,690,576,578,762,896,908,957
825,619,971,689,523,869,595,947,600,884,938,904,832,685,616,916,801,839,739,965,863,615,753,709,827,997,719,690,627,743,930,556,980,966,502,855,814,917,825,739,972,939,519,648,956,783,792,819,738,754,828,672,892,870,602,929,564,511,764,520,555,738,985,624,523,754,891,909,569,695,997,803,732,717,768,880,651,571,693,680,911,628,533,552,839,553,609,833,765,580,793,953,520,591,568,799,671,961,829,895,778,855,784,748,678,949,616,927,554,764,790,706,826,571,0,846,610,575,675,850,769,818,587,764,820,527,629,857,717,828
715,747,763,563,810,823,686,633,698,512,628,597,510,744,565,960,672,683,938,858,650,550,989,606,635,619,585,787,571,715,534,866,647,793,670,501,653,920,711,529,852,744,665,817,732,781,790,934,807,585,886,844,839,644,920,587,625,573,769,628,750,932,571,847,928,748,974,867,846,568,785,667,619,626,787,690,787,947,741,901,956,964,842,988,999,983,633,673,950,575,658,821,972,708,858,812,566,719,980,876,872,939,518,840,744,550,940,995,962,511,735,533,727,621,525,0,844,559,777,541,705,960,864,654,502,880,501,565,768,705
821,755,669,846,599,606,674,799,902,527,994,881,667,769,932,750,981,652,535,504,581,631,691,958,827,931,553,930,685,678,946,593,954,750,627,741,794,792,559,545,777,597,575,610,511,812,583,935,584,660,691,591,849,653,908,688,817,971,794,978,672,987,718,662,670,621,592,718,949,986,753,853,999,533,850,887,820,631,897,650,536,806,882,734,965,579,562,658,929,608,847,786,803,594,899,582,585,643,859,510,987,546,814,678,827,677,917,544,722,962,795,759,867,623,632,988,0,647,562,768,589,692,784,755,998,868,513,913,642,610
679,992,908,594,999,866,851,887,825,554,927,805,900,519,937,660,917,546,671,864,518,810,550,590,634,928,753,941,784,606,614,827,755,680,792,515,774,651,987,536,581,530,721,927,538,574,931,982,667,746,918,997,746,964,893,682,877,989,644,712,640,502,603,619,744,729,796,964,803,661,982,515,639,725,967,858,739,963,865,671,765,562,831,585,763,803,527,866,948,760,825,847,712,834,536,822,754,936,655,859,957,913,909,726,912,533,609,898,734,612,581,821,547,613,684,927,790,0,690,555,732,708,527,776,834,724,671,792,849,738
684,884,807,815,669,593,762,989,667,608,961,839,750,547,803,654,830,591,751,775,947,676,571,936,559,694,543,685,594,898,545,713,773,989,629,665,991,549,506,769,739,818,556,854,873,974,774,585,700,909,773,505,692,675,756,690,810,562,580,621,716,526,809,578,894,889,902,652,933,548,913,689,504,621,864,754,775,746,656,944,802,981,686,613,647,509,534,857,745,610,888,827,780,576,565,694,593,566,807,856,882,556,706,704,715,879,927,531,612,522,598,911,723,668,523,625,862,656,0,964,909,828,613,988,855,965,687,560,997,766
729,748,551,557,562,913,706,716,996,564,868,976,701,804,629,602,521,955,715,605,622,679,924,975,606,680,839,626,503,816,810,501,757,688,982,550,609,554,887,523,520,625,854,799,520,586,763,678,620,911,911,863,688,809,989,576,919,869,957,506,796,742,814,550,681,927,546,548,929,504,750,959,654,876,710,696,563,857,947,555,962,689,986,952,864,804,884,920,808,913,762,569,799,761,870,957,996,609,941,581,557,784,860,944,757,868,905,889,791,858,579,661,893,877,801,910,661,752,965,0,733,558,638,794,699,935,917,529,899,766
694,696,983,553,864,668,888,545,733,613,618,973,638,687,962,952,548,790,544,885,666,825,855,944,794,675,639,965,971,842,791,821,658,952,647,611,985,584,812,740,820,623,912,724,679,592,921,784,744,661,932,572,501,793,540,599,769,724,711,697,627,737,775,589,517,928,944,899,526,911,994,678,618,685,994,776,837,598,725,632,738,608,694,825,561,819,857,942,928,965,963,613,558,820,658,774,782,715,722,999,865,634,606,974,906,585,635,932,823,694,533,646,702,731,657,797,514,520,577,785,0,942,895,838,515,962,950,971,791,921
782,634,962,504,521,632,793,621,564,637,927,635,706,867,642,645,597,779,608,782,674,827,906,710,960,639,827,801,863,667,712,670,878,666,853,537,814,550,717,608,960,977,518,941,809,726,887,983,744,705,667,751,827,661,598,843,564,919,903,739,815,738,541,602,717,599,651,515,766,514,942,878,956,678,543,897,608,545,598,891,783,649,597,844,916,768,722,929,567,727,726,946,924,951,599,871,959,576,550,986,858,701,560,776,638,608,525,556,576,536,761,532,851,826,877,739,527,521,784,573,781,0,861,854,513,964,540,648,718,884
821,762,777,679,993,664,545,772,567,734,886,802,692,585,537,589,568,884,945,683,619,893,973,812,949,666,607,826,841,618,560,946,811,923,911,907,990,920,670,820,851,513,915,838,535,743,884,936,808,990,661,908,890,527,861,885,711,844,935,976,813,985,506,830,947,812,852,734,628,937,957,541,634,743,744,527,762,715,889,502,812,534,869,740,590,624,617,579,945,622,929,743,589,964,526,742,736,540,895,900,812,624,807,863,755,536,655,646,673,729,501,565,874,759,966,616,537,851,866,640,525,995,0,847,634,790,549,528,760,982
539,536,777,906,569,856,628,773,635,858,894,523,622,542,868,672,551,861,878,890,687,962,907,726,656,901,740,710,952,678,679,779,984,662,583,721,550,731,746,599,874,722,884,854,609,990,742,549,926,690,591,940,610,573,624,842,768,905,528,990,567,820,734,840,635,690,621,527,506,840,681,924,765,682,926,995,769,610,526,929,599,712,977,714,621,645,784,638,804,751,945,908,681,722,742,834,600,923,608,795,650,673,583,924,902,578,632,734,864,741,826,618,778,923,670,941,657,992,578,673,712,722,769,0,531,795,599,702,689,554
591,511,645,864,679,542,586,638,943,873,611,862,827,685,875,713,630,865,609,564,772,771,641,992,604,860,809,589,779,647,917,666,943,677,608,686,775,986,818,979,628,732,676,595,791,968,505,860,644,747,820,957,710,522,946,625,882,531,660,794,832,637,999,734,867,813,610,552,755,728,804,611,784,645,680,701,560,568,988,534,829,864,588,904,815,784,683,576,865,617,681,744,890,909,856,622,893,952,675,516,581,508,951,935,835,962,699,581,553,855,844,794,630,506,663,778,590,677,612,690,641,976,924,909,0,962,611,586,880,643
779,774,793,830,871,741,534,550,760,779,766,960,799,592,818,981,747,597,612,589,696,702,628,982,892,904,929,564,591,772,514,951,852,661,509,964,880,711,964,790,843,977,776,784,780,769,996,612,998,515,540,673,602,740,571,523,542,980,561,745,825,717,811,958,777,654,925,946,994,915,532,578,882,999,735,990,919,557,591,737,525,830,608,847,698,821,543,506,785,534,999,803,546,848,612,759,890,868,818,578,934,818,976,828,764,811,875,510,548,579,860,711,890,977,631,796,557,852,945,849,984,599,763,801,688,0,590,967,980,562
538,926,624,771,863,968,828,517,506,538,707,848,889,902,610,536,1000,970,954,632,508,990,956,850,951,569,891,831,743,708,790,634,516,823,692,519,585,942,869,862,515,538,634,769,591,698,652,724,685,583,869,850,789,880,970,604,742,700,998,991,898,626,514,622,763,867,967,696,865,709,631,733,869,734,774,634,707,998,940,901,733,618,982,586,673,987,750,818,889,554,552,953,711,881,802,705,864,922,984,827,752,745,815,658,612,622,773,631,807,719,847,565,772,820,679,811,876,794,970,589,727,758,802,597,666,645,0,705,985,618
977,828,624,540,573,803,866,958,981,834,788,794,704,858,504,702,548,884,939,798,761,654,665,702,699,694,573,611,929,580,869,850,888,505,688,602,511,977,830,767,951,710,876,670,790,560,714,543,880,558,732,516,703,893,695,543,898,907,574,982,830,933,837,779,858,555,978,951,686,629,785,839,938,617,625,810,840,592,760,885,668,974,953,976,834,824,882,703,757,788,635,981,920,504,790,830,733,566,857,627,612,848,585,729,902,801,916,695,542,518,582,537,611,667,630,724,640,607,873,871,836,779,553,844,613,678,704,0,563,515
514,681,752,864,667,758,504,901,960,818,537,539,697,576,610,558,616,821,563,543,892,501,898,714,951,824,777,976,636,836,599,771,969,684,526,548,542,512,612,946,795,691,919,999,698,840,767,963,594,844,999,573,740,812,911,817,783,689,732,563,719,971,797,594,568,719,804,912,801,844,792,855,788,839,734,882,760,937,889,586,576,886,794,778,797,788,544,704,829,723,751,742,666,591,815,634,986,888,911,607,614,871,816,940,632,803,983,813,633,737,987,522,901,554,750,880,522,681,672,880,696,726,561,959,766,950,515,932,0,805
624,927,729,977,660,900,851,641,618,556,646,879,773,758,734,972,621,743,950,506,870,741,822,512,843,799,889,568,960,918,621,603,673,803,969,811,500,827,795,926,547,518,708,765,663,669,573,779,614,870,697,546,917,573,972,912,728,989,979,732,919,915,828,927,743,811,739,788,719,702,642,747,629,746,803,563,777,523,739,631,889,906,954,848,797,554,738,772,803,895,563,993,863,635,835,942,971,664,520,587,900,900,901,706,676,926,994,709,938,978,885,697,560,634,993,725,694,753,542,955,607,524,742,667,965,681,958,826,945,0
